0.000000000000000000e+00,9.999999999999982236e-01,0.000000000000000000e+00,0.000000000000000000e+00,0.000000000000000000e+00,0.000000000000000000e+00,0.000000000000000000e+00,0.000000000000000000e+00,0.000000000000000000e+00,0.000000000000000000e+00
4.848484848484849175e-02,9.684894650764327428e-01,1.421854459756423661e-01,9.333454991899900466e-03,1.421854459756423661e-01,2.711889293853756225e-02,1.429672664793653174e-03,9.333454991899900466e-03,1.429672664793653174e-03,4.391641985029833689e-03
9.696969696969703900e-02,9.050405938284455942e-01,2.769876288237761996e-01,8.874522554080617465e-03,2.769876288237761996e-01,9.072261389928364117e-02,2.712284512456160975e-03,8.874522554080617465e-03,2.712284512456160975e-03,4.236792272270951953e-03
1.454545454545455863e-01,8.139975580084237716e-01,3.790161259878082056e-01,8.112769367984532312e-03,3.790161259878082056e-01,1.820374411328636866e-01,3.753536088368023427e-03,8.112769367984532312e-03,3.753536088368023427e-03,3.965000858712678863e-03
1.939393939393941335e-01,7.128553015752610023e-01,4.454848179858608148e-01,7.238653283736749648e-03,4.454848179858608148e-01,2.835325448781375601e-01,4.529388682612146139e-03,7.238653283736749648e-03,4.529388682612146139e-03,3.612153546601373864e-03
2.424242424242426808e-01,6.133233573621000856e-01,4.819963845225153642e-01,6.322727939288797991e-03,4.819963845225153642e-01,3.834280536260263328e-01,5.009045573479098575e-03,6.322727939288797991e-03,5.009045573479098575e-03,3.248589011873372154e-03
2.909090909090904509e-01,5.218336006610290179e-01,4.957792970866405913e-01,5.350801724378465712e-03,4.957792970866405913e-01,4.752482377423460913e-01,5.160145887225910458e-03,5.350801724378465712e-03,5.160145887225910458e-03,2.918161596625046088e-03
3.393939393939380822e-01,4.434971801459895446e-01,4.937657608590748093e-01,4.449061637625270106e-03,4.937657608590748093e-01,5.538689925436991457e-01,5.071259607709794649e-03,4.449061637625270106e-03,5.071259607709794649e-03,2.633827310311035157e-03
3.878787878787857135e-01,3.777606192754933701e-01,4.822219081883846181e-01,3.613409602873628342e-03,4.822219081883846181e-01,6.198458651429606947e-01,4.775631942480595971e-03,3.613409602873628342e-03,4.775631942480595971e-03,2.393515581545855881e-03
4.363636363636333448e-01,3.226085223744172836e-01,4.651540828640306491e-01,2.803239356613948779e-03,4.651540828640306491e-01,6.751957635195476870e-01,4.250082342633974657e-03,2.803239356613948779e-03,4.250082342633974657e-03,2.195714106034590482e-03
4.848484848484809762e-01,2.756852754867559208e-01,4.446108334803191009e-01,1.986246627884216947e-03,4.446108334803191009e-01,7.222818672796952333e-01,3.459834380920512320e-03,1.986246627884216947e-03,3.459834380920512320e-03,2.032857233549001646e-03
5.333333333333298842e-01,2.370537964795495778e-01,4.230625415642865761e-01,1.231581573663124854e-03,4.230625415642865761e-01,7.610550400220745804e-01,2.466570148459865889e-03,1.231581573663124854e-03,2.466570148459865889e-03,1.891163498375919919e-03
5.818181818181793474e-01,2.052232686310940524e-01,4.016624381642587283e-01,6.892288856200441596e-04,4.016624381642587283e-01,7.929977902666572875e-01,1.555910672250871048e-03,6.892288856200441596e-04,1.555910672250871048e-03,1.778941102248874110e-03
6.303030303030288106e-01,1.779980299845449476e-01,3.802406618188857168e-01,2.903127672106939360e-04,3.802406618188857168e-01,8.203045192883383629e-01,7.453196971073520246e-04,2.903127672106939360e-04,7.453196971073520246e-04,1.697450727116582526e-03
6.787878787878782738e-01,1.543506266987711428e-01,3.588949793667783883e-01,-7.295648090678375300e-05,3.588949793667783883e-01,8.440098280266294939e-01,-1.227348629894216172e-04,-7.295648090678375300e-05,-1.227348629894216172e-04,1.639545274599191974e-03
7.272727272727277370e-01,1.344787202581670671e-01,3.386924244732180678e-01,-2.546927426559447640e-04,3.386924244732180678e-01,8.638984849569329993e-01,-7.522757563637219288e-04,-2.546927426559447640e-04,-7.522757563637219288e-04,1.622794784899777654e-03
7.757575757575772002e-01,1.177503529658637110e-01,3.196415479950279193e-01,-3.170337712648897211e-04,3.196415479950279193e-01,8.806337260111807286e-01,-1.137265839841485352e-03,-3.170337712648897211e-04,-1.137265839841485352e-03,1.615921022955506183e-03
8.242424242424266634e-01,1.033695551280689601e-01,3.013613958206508570e-01,-2.729330703095388957e-04,3.013613958206508570e-01,8.950125484871679360e-01,-1.152760180147019984e-03,-2.729330703095388957e-04,-1.152760180147019984e-03,1.617896384763099380e-03
8.727272727272761266e-01,9.087013872426083494e-02,2.836475474641240724e-01,-2.084621713950786555e-04,2.836475474641240724e-01,9.074698215998263651e-01,-1.277315836768566333e-03,-2.084621713950786555e-04,-1.277315836768566333e-03,1.660039675913084923e-03
9.212121212121255898e-01,8.016256781012308374e-02,2.668302176335298759e-01,-1.771688812285645751e-04,2.668302176335298759e-01,9.181373737532612100e-01,-1.581148759074700767e-03,-1.771688812285645751e-04,-1.581148759074700767e-03,1.700058436615535561e-03
9.696969696969750530e-01,7.076831514924854238e-02,2.506631695235120305e-01,-2.181281616199891435e-04,2.506631695235120305e-01,9.274945379995396255e-01,-2.122787544995618191e-03,-2.181281616199891435e-04,-2.122787544995618191e-03,1.737146851212068672e-03
1.018181818181824516e+00,6.258043314593622619e-02,2.352664648710032780e-01,-3.223178280541696907e-04,2.352664648710032780e-01,9.356433567564749199e-01,-2.951082185474938197e-03,-3.223178280541696907e-04,-2.951082185474938197e-03,1.776210097588911850e-03
1.066666666666673979e+00,5.566513227954747456e-02,2.211128543867150742e-01,-4.233448631371896287e-04,2.211128543867150742e-01,9.425170113654233184e-01,-3.749089577391762594e-03,-4.233448631371896287e-04,-3.749089577391762594e-03,1.817856355029111868e-03
1.115151515151523443e+00,4.971550275015383658e-02,2.078004301486846839e-01,-5.066250824760200680e-04,2.078004301486846839e-01,9.484201399171178215e-01,-4.551631017545511478e-03,-5.066250824760200680e-04,-4.551631017545511478e-03,1.864357332728142427e-03
1.163636363636372906e+00,4.445669738721235581e-02,1.946743542370549251e-01,-5.345460821926841920e-04,1.946743542370549251e-01,9.536362008904143428e-01,-5.290901210966183522e-03,-5.345460821926841920e-04,-5.290901210966183522e-03,1.907101722373297486e-03
1.212121212121222369e+00,3.985871664190342167e-02,1.821563648049229212e-01,-5.181034635052056891e-04,1.821563648049229212e-01,9.581605253423125523e-01,-6.064541813388005069e-03,-5.181034635052056891e-04,-6.064541813388005069e-03,1.980758015783959641e-03
1.260606060606071832e+00,3.573239605451884043e-02,1.698219338577300896e-01,-4.669765148199034733e-04,1.698219338577300896e-01,9.621918387203299838e-01,-6.760212547720170252e-03,-4.669765148199034733e-04,-6.760212547720170252e-03,2.075765225151225170e-03
1.309090909090921295e+00,3.209778381644647072e-02,1.577028481377445168e-01,-3.738928992126541707e-04,1.577028481377445168e-01,9.657541263107619622e-01,-7.328194167041876539e-03,-3.738928992126541707e-04,-7.328194167041876539e-03,2.148089872791548397e-03
1.357575757575770758e+00,2.903216505379429754e-02,1.458688416421169698e-01,-2.200596881467871272e-04,1.458688416421169698e-01,9.687657718541629048e-01,-7.610114988436869968e-03,-2.200596881467871272e-04,-7.610114988436869968e-03,2.202063092042668389e-03
1.406060606060620222e+00,2.644111953755469077e-02,1.344820128051159580e-01,-8.034431070712543541e-05,1.344820128051159580e-01,9.713135909285299796e-01,-7.922753989013351511e-03,-8.034431070712543541e-05,-7.922753989013351511e-03,2.245289533915245921e-03
1.454545454545469685e+00,2.420023775666453603e-02,1.232047585553224106e-01,4.993973680668694932e-05,1.232047585553224106e-01,9.734962264604615223e-01,-8.495621555418837734e-03,4.993973680668694932e-05,-8.495621555418837734e-03,2.303535782873725266e-03
1.503030303030319148e+00,2.231724972893373710e-02,1.121870357418893044e-01,1.747231451820008892e-04,1.121870357418893044e-01,9.753320115510356603e-01,-9.075240568330047997e-03,1.747231451820008892e-04,-9.075240568330047997e-03,2.350738720030350667e-03
1.551515151515168611e+00,2.082082799260701750e-02,1.021782514846680395e-01,3.034291398737305159e-04,1.021782514846680395e-01,9.767882549039184070e-01,-9.464040463801347974e-03,3.034291398737305159e-04,-9.464040463801347974e-03,2.390917103474536880e-03
1.600000000000018074e+00,1.956493819553421776e-02,9.280027010650136743e-02,4.527302085098857732e-04,9.280027010650136743e-02,9.779957021871864553e-01,-9.718358560489437706e-03,4.527302085098857732e-04,-9.718358560489437706e-03,2.439359617279107488e-03
1.648484848484867538e+00,1.850139605107320798e-02,8.369341676072604430e-02,6.182719430183655340e-04,8.369341676072604430e-02,9.789927750707478893e-01,-1.003573678942738107e-02,6.182719430183655340e-04,-1.003573678942738107e-02,2.505828878178574005e-03
1.696969696969717001e+00,1.776859558040777554e-02,7.494338954494084160e-02,8.094019192472114025e-04,7.494338954494084160e-02,9.796665733443781221e-01,-1.024473042534607137e-02,8.094019192472114025e-04,-1.024473042534607137e-02,2.564831075214170017e-03
1.745454545454566464e+00,1.735892841457649730e-02,6.638535337684338400e-02,9.895223428962695959e-04,6.638535337684338400e-02,9.800651815928047572e-01,-1.019560160151437508e-02,9.895223428962695959e-04,-1.019560160151437508e-02,2.575889992618618420e-03
1.793939393939415927e+00,1.737687573139704705e-02,5.798810013905128513e-02,1.155827434674302307e-03,5.798810013905128513e-02,9.800593312326603135e-01,-1.005580591230229547e-02,1.155827434674302307e-03,-1.005580591230229547e-02,2.563793035942515432e-03
1.842424242424265390e+00,1.775494695970983305e-02,4.953024717567177521e-02,1.332305542653575278e-03,4.953024717567177521e-02,9.796986897428059393e-01,-9.731453309976221058e-03,1.332305542653575278e-03,-9.731453309976221058e-03,2.546363297484322604e-03
1.890909090909114854e+00,1.831254647843203603e-02,4.114650442080040188e-02,1.502913620866797679e-03,4.114650442080040188e-02,9.791358000576970699e-01,-9.238854833000915978e-03,1.502913620866797679e-03,-9.238854833000915978e-03,2.551653463870756991e-03
1.939393939393964317e+00,1.951393616275672732e-02,3.295894395209180566e-02,1.746708803574700949e-03,3.295894395209180566e-02,9.779034813514980717e-01,-8.697758891333423614e-03,1.746708803574700949e-03,-8.697758891333423614e-03,2.582582485745197904e-03
1.987878787878813780e+00,2.125457610009396162e-02,2.494480885805776607e-02,1.993958273964155283e-03,2.494480885805776607e-02,9.761102930523792853e-01,-8.317208095824273409e-03,1.993958273964155283e-03,-8.317208095824273409e-03,2.635130847526956453e-03
2.036363636363657914e+00,2.363809516750228767e-02,1.703496018373209728e-02,2.265949875635193001e-03,1.703496018373209728e-02,9.736554097342836611e-01,-8.203663964030237510e-03,2.265949875635193001e-03,-8.203663964030237510e-03,2.706495098214354786e-03
2.084848484848500050e+00,2.670806452699629741e-02,9.678411482221895706e-03,2.537676488700847145e-03,9.678411482221895706e-03,9.705023069497183963e-01,-7.981057002392221572e-03,2.537676488700847145e-03,-7.981057002392221572e-03,2.789628523285203089e-03
2.133333333333342186e+00,3.033817047979546142e-02,3.054078050427308597e-03,2.800757135024495997e-03,3.054078050427308597e-03,9.667681689058406080e-01,-7.440317058613761525e-03,2.800757135024495997e-03,-7.440317058613761525e-03,2.893660614363985622e-03
2.181818181818184321e+00,3.451637620016644731e-02,-2.928891592581835037e-03,3.099381724824515523e-03,-2.928891592581835037e-03,9.624517519089129669e-01,-6.871788128866130642e-03,3.099381724824515523e-03,-6.871788128866130642e-03,3.031871890920498618e-03
2.230303030303026457e+00,3.946083817424723972e-02,-8.844611412292528729e-03,3.432210449548908290e-03,-8.844611412292528729e-03,9.573569550374121384e-01,-5.931502054154050990e-03,3.432210449548908290e-03,-5.931502054154050990e-03,3.182206788340438859e-03
2.278787878787868593e+00,4.480730189375664585e-02,-1.394481385880379926e-02,3.778704565991782005e-03,-1.394481385880379926e-02,9.518542680836999947e-01,-4.955704642077923827e-03,3.778704565991782005e-03,-4.955704642077923827e-03,3.338430022543631328e-03
2.327272727272710728e+00,5.029824434970045499e-02,-1.788679243442552191e-02,4.035174259478654588e-03,-1.788679243442552191e-02,9.462442535469288707e-01,-4.153105703498195279e-03,4.035174259478654588e-03,-4.153105703498195279e-03,3.457502103370390691e-03
2.375757575757552864e+00,5.498638086275600689e-02,-2.074695122812682604e-02,4.049945136699820841e-03,-2.074695122812682604e-02,9.414986877883495531e-01,-3.614607458886012238e-03,4.049945136699820841e-03,-3.614607458886012238e-03,3.514931348894372379e-03
2.424242424242395000e+00,5.943857575750718242e-02,-2.253412754139999877e-02,3.866008669300995907e-03,-2.253412754139999877e-02,9.370064001478288773e-01,-3.499349610111458439e-03,3.866008669300995907e-03,-3.499349610111458439e-03,3.555024094664022225e-03
2.472727272727237136e+00,6.366551224917055274e-02,-2.373530421958463046e-02,3.465020138267793127e-03,-2.373530421958463046e-02,9.327353674583093168e-01,-3.652069982658271569e-03,3.465020138267793127e-03,-3.652069982658271569e-03,3.599120292520243194e-03
2.521212121212079271e+00,6.767021918820173565e-02,-2.433392067246238979e-02,2.811979280484235271e-03,-2.433392067246238979e-02,9.287185990259830826e-01,-3.685907880497577612e-03,2.811979280484235271e-03,-3.685907880497577612e-03,3.611181785815355694e-03
2.569696969696921407e+00,7.122249017327389464e-02,-2.415290843851723365e-02,1.951346891326111079e-03,-2.415290843851723365e-02,9.251794353518407732e-01,-3.666027442272889406e-03,1.951346891326111079e-03,-3.666027442272889406e-03,3.598074474885262775e-03
2.618181818181763543e+00,7.437531075404694991e-02,-2.366769773998962656e-02,1.024088731188428202e-03,-2.366769773998962656e-02,9.220653697815233141e-01,-3.504171970400993003e-03,1.024088731188428202e-03,-3.504171970400993003e-03,3.559319464429880429e-03
2.666666666666605678e+00,7.636659823592339968e-02,-2.293101272401371071e-02,1.606089669523828466e-04,-2.293101272401371071e-02,9.201148916122872112e-01,-3.383034382366680460e-03,1.606089669523828466e-04,-3.383034382366680460e-03,3.518510151789303216e-03
2.715151515151447814e+00,7.717143955168397074e-02,-2.248874782054492011e-02,-5.044855874797362369e-04,-2.248874782054492011e-02,9.193247013017602498e-01,-3.484158947790500817e-03,-5.044855874797362369e-04,-3.484158947790500817e-03,3.503859146555695324e-03
2.763636363636289950e+00,7.666349391916570111e-02,-2.177291128372513956e-02,-9.000756752339108494e-04,-2.177291128372513956e-02,9.198185037379622564e-01,-3.792883563572159358e-03,-9.000756752339108494e-04,-3.792883563572159358e-03,3.518002342872194720e-03
2.812121212121132086e+00,7.562336831178201324e-02,-2.222993667439416426e-02,-1.099855624231604401e-03,-2.222993667439416426e-02,9.208276347574728682e-01,-4.158554827445146325e-03,-1.099855624231604401e-03,-4.158554827445146325e-03,3.548996930744904334e-03
2.860606060605974221e+00,7.455011153055787765e-02,-2.441779419052703126e-02,-1.234955140587158055e-03,-2.441779419052703126e-02,9.218439019033933812e-01,-4.402022267681314840e-03,-1.234955140587158055e-03,-4.402022267681314840e-03,3.605986566048918502e-03
2.909090909090816357e+00,7.394299559729598792e-02,-2.737659406609172993e-02,-1.279067277214941808e-03,-2.737659406609172993e-02,9.223794935955688112e-01,-4.239224244698218923e-03,-1.279067277214941808e-03,-4.239224244698218923e-03,3.677510807135268497e-03
2.957575757575658493e+00,7.346760847374710079e-02,-3.076509613697440276e-02,-1.312549732287175220e-03,-3.076509613697440276e-02,9.227659432644916837e-01,-3.754157195252656211e-03,-1.312549732287175220e-03,-3.754157195252656211e-03,3.766448261761656986e-03
3.006060606060500628e+00,7.363781128719985858e-02,-3.450486238389095794e-02,-1.331616345716134632e-03,-3.450486238389095794e-02,9.224682174967386850e-01,-3.344391581677967889e-03,-1.331616345716134632e-03,-3.344391581677967889e-03,3.893971216061436515e-03
3.054545454545342764e+00,7.451221349177751530e-02,-3.880486702763033535e-02,-1.286237002957420304e-03,-3.880486702763033535e-02,9.214382917519997607e-01,-3.264776762340442992e-03,-1.286237002957420304e-03,-3.264776762340442992e-03,4.049494756222504592e-03
3.103030303030184900e+00,7.594423407479551635e-02,-4.335836438039531587e-02,-1.258637416420765442e-03,-4.335836438039531587e-02,9.198460567278418099e-01,-3.220080732924898454e-03,-1.258637416420765442e-03,-3.220080732924898454e-03,4.209709197362988646e-03
3.151515151515027036e+00,7.776707189179805912e-02,-4.760415068936744293e-02,-1.300668438616092281e-03,-4.760415068936744293e-02,9.178414499224303302e-01,-3.203010963531534566e-03,-1.300668438616092281e-03,-3.203010963531534566e-03,4.391478185771461457e-03
3.199999999999869171e+00,7.969071836665096720e-02,-5.185222848824674879e-02,-1.462740196321964895e-03,-5.185222848824674879e-02,9.157438912143824883e-01,-3.108221990038107039e-03,-1.462740196321964895e-03,-3.108221990038107039e-03,4.565390418966267828e-03
3.248484848484711307e+00,8.221599869606130429e-02,-5.624340550297298597e-02,-1.636286775243580302e-03,-5.624340550297298597e-02,9.130243422984682944e-01,-3.169155101520814647e-03,-1.636286775243580302e-03,-3.169155101520814647e-03,4.759659005470484594e-03
3.296969696969553443e+00,8.523570575089634005e-02,-6.063904485753768975e-02,-1.802645265838230624e-03,-6.063904485753768975e-02,9.097857482974122112e-01,-3.586667753023535868e-03,-1.802645265838230624e-03,-3.586667753023535868e-03,4.978545951691504268e-03
3.345454545454395578e+00,8.912656489557324591e-02,-6.474792719764775606e-02,-1.737455836617642080e-03,-6.474792719764775606e-02,9.056395736197719870e-01,-4.198247933781390322e-03,-1.737455836617642080e-03,-4.198247933781390322e-03,5.233861484654666468e-03
3.393939393939237714e+00,9.308728219016930427e-02,-6.787207759157518061e-02,-1.420334882978216678e-03,-6.787207759157518061e-02,9.013207557762443756e-01,-4.378426684152009717e-03,-1.420334882978216678e-03,-4.378426684152009717e-03,5.591962033586213472e-03
3.442424242424079850e+00,9.682523884411770032e-02,-7.020208715098646968e-02,-8.696208213032406795e-04,-7.020208715098646968e-02,8.972176140032729341e-01,-4.572718297377265963e-03,-8.696208213032406795e-04,-4.572718297377265963e-03,5.957147152609369896e-03
3.490909090908921986e+00,9.973097878547580730e-02,-7.196847607687260895e-02,-2.543963991052900983e-04,-7.196847607687260895e-02,8.939088922117798264e-01,-4.794674601953569093e-03,-2.543963991052900983e-04,-4.794674601953569093e-03,6.360129002744220605e-03
3.539393939393764121e+00,1.017626259323216875e-01,-7.334873468580715983e-02,4.267013596229598626e-04,-7.334873468580715983e-02,8.914921041866160634e-01,-4.829941511008803770e-03,4.267013596229598626e-04,-4.829941511008803770e-03,6.745269881062040951e-03
3.587878787878606257e+00,1.027191432653746378e-01,-7.479864418460166475e-02,1.074331992684186138e-03,-7.479864418460166475e-02,8.900541251247187091e-01,-4.924322703886974822e-03,1.074331992684186138e-03,-4.924322703886974822e-03,7.226731609906712935e-03
3.636363636363448393e+00,1.025097349386844547e-01,-7.700786012233143407e-02,1.491293069971007593e-03,-7.700786012233143407e-02,8.897281642307262040e-01,-5.226902644773883874e-03,1.491293069971007593e-03,-5.226902644773883874e-03,7.762100830589294467e-03
3.684848484848290529e+00,1.014550281594300551e-01,-8.033361029337550419e-02,1.720001666980402414e-03,-8.033361029337550419e-02,8.901956975330513888e-01,-5.624749464427758472e-03,1.720001666980402414e-03,-5.624749464427758472e-03,8.349274307518736449e-03
3.733333333333132664e+00,1.000566644663480609e-01,-8.526688608959602511e-02,2.007606856252644630e-03,-8.526688608959602511e-02,8.909835851995258071e-01,-6.274265300549571565e-03,2.007606856252644630e-03,-6.274265300549571565e-03,8.959750334125817992e-03
3.781818181817974800e+00,9.933535014434072274e-02,-9.187811772408516209e-02,2.557125025547321573e-03,-9.187811772408516209e-02,8.910945776102732196e-01,-7.314796574522013442e-03,2.557125025547321573e-03,-7.314796574522013442e-03,9.570072245385904952e-03
3.830303030302816936e+00,9.950345797604859266e-02,-9.972835174304379990e-02,3.286973747359524418e-03,-9.972835174304379990e-02,8.903422116764206917e-01,-8.445594484935176061e-03,3.286973747359524418e-03,-8.445594484935176061e-03,1.015433034753056470e-02
3.878787878787659071e+00,1.006792462867784205e-01,-1.081822039786558137e-01,4.020020131389319580e-03,-1.081822039786558137e-01,8.887050967386325162e-01,-9.818043925207258285e-03,4.020020131389319580e-03,-9.818043925207258285e-03,1.061565697458929577e-02
3.927272727272501207e+00,1.032388832651711386e-01,-1.175122645372173869e-01,4.766276290453049479e-03,-1.175122645372173869e-01,8.856696994380831578e-01,-1.094082719449333656e-02,4.766276290453049479e-03,-1.094082719449333656e-02,1.109141729674575916e-02
3.975757575757343343e+00,1.068999017248885991e-01,-1.268475961496206006e-01,5.429701298927706692e-03,-1.268475961496206006e-01,8.812606159583976639e-01,-1.203994447751554134e-02,5.429701298927706692e-03,-1.203994447751554134e-02,1.183948231671406136e-02
4.024242424242192584e+00,1.114856671804391047e-01,-1.370149919599276400e-01,5.962837997346516483e-03,-1.370149919599276400e-01,8.757330657233803883e-01,-1.336556607777295534e-02,5.962837997346516483e-03,-1.336556607777295534e-02,1.278126709618070296e-02
4.072727272727049375e+00,1.174715307097423389e-01,-1.468406849296665095e-01,6.512070148113053951e-03,-1.468406849296665095e-01,8.686368139564115687e-01,-1.409028760785401360e-02,6.512070148113053951e-03,-1.409028760785401360e-02,1.389165533384635262e-02
4.121212121211906165e+00,1.242561796159809273e-01,-1.563452607454058341e-01,6.904662107543366352e-03,-1.563452607454058341e-01,8.606232815955854321e-01,-1.454533551777031225e-02,6.904662107543366352e-03,-1.454533551777031225e-02,1.512053878843340818e-02
4.169696969696762956e+00,1.316186718836696856e-01,-1.654519688162826019e-01,7.577659041931906342e-03,-1.654519688162826019e-01,8.517194784680264252e-01,-1.494883471890789441e-02,7.577659041931906342e-03,-1.494883471890789441e-02,1.666184964830379200e-02
4.218181818181619747e+00,1.402557550586391588e-01,-1.745813438945050255e-01,7.825140862203585831e-03,-1.745813438945050255e-01,8.412967867490124263e-01,-1.506984369283751943e-02,7.825140862203585831e-03,-1.506984369283751943e-02,1.844745819234887979e-02
4.266666666666476537e+00,1.506223588161032245e-01,-1.836136020875127617e-01,7.421098196252902054e-03,-1.836136020875127617e-01,8.291304282797314906e-01,-1.537368272246968266e-02,7.421098196252902054e-03,-1.537368272246968266e-02,2.024721290416529873e-02
4.315151515151333328e+00,1.630000643832550666e-01,-1.919647553612483792e-01,6.788862759854479359e-03,-1.919647553612483792e-01,8.149143738455248975e-01,-1.597539549318631805e-02,6.788862759854479359e-03,-1.597539549318631805e-02,2.208556177122012257e-02
4.363636363636190119e+00,1.773217408182780064e-01,-1.991053522131089604e-01,6.115582297948231674e-03,-1.991053522131089604e-01,7.985751754496842603e-01,-1.680581260134026908e-02,6.115582297948231674e-03,-1.680581260134026908e-02,2.410308373203760846e-02
4.412121212121046909e+00,1.942530379689282050e-01,-2.049029900462455145e-01,5.523494514637745066e-03,-2.049029900462455145e-01,7.794864038393345407e-01,-1.781488919273565771e-02,5.523494514637745066e-03,-1.781488919273565771e-02,2.626055819173683109e-02
4.460606060605903700e+00,2.129423887917876179e-01,-2.082453661960358693e-01,5.217402673818188202e-03,-2.082453661960358693e-01,7.585206522636578352e-01,-1.919413158406542072e-02,5.217402673818188202e-03,-1.919413158406542072e-02,2.853695894455482440e-02
4.509090909090760491e+00,2.322265033601218776e-01,-2.084759872237649803e-01,5.612014592599643206e-03,-2.084759872237649803e-01,7.367499275739844977e-01,-2.086951557718981498e-02,5.612014592599643206e-03,-2.086951557718981498e-02,3.102356906589361432e-02
4.557575757575617281e+00,2.512239710679901594e-01,-2.053133195913606213e-01,6.887488458092008541e-03,-2.053133195913606213e-01,7.150700879328227844e-01,-2.237971551224431782e-02,6.887488458092008541e-03,-2.237971551224431782e-02,3.370594099918702152e-02
4.606060606060474072e+00,2.691662586958361580e-01,-1.988638486877064293e-01,8.571447095773367802e-03,-1.988638486877064293e-01,6.945417535991446067e-01,-2.340055779912160114e-02,8.571447095773367802e-03,-2.340055779912160114e-02,3.629198770501957522e-02
4.654545454545330863e+00,2.851212028304850321e-01,-1.912853237506569326e-01,1.045898981829221364e-02,-1.912853237506569326e-01,6.759425231924932609e-01,-2.455831057226355932e-02,1.045898981829221364e-02,-2.455831057226355932e-02,3.893627397702150578e-02
4.703030303030187653e+00,2.996296687853912677e-01,-1.832823816606976297e-01,1.246197157711060634e-02,-1.832823816606976297e-01,6.588282451126111772e-01,-2.559467633498184458e-02,1.246197157711060634e-02,-2.559467633498184458e-02,4.154208610199740248e-02
4.751515151515044444e+00,3.135675372869502486e-01,-1.750655566420826759e-01,1.459333260697568205e-02,-1.750655566420826759e-01,6.424877596827966997e-01,-2.633468341430802301e-02,1.459333260697568205e-02,-2.633468341430802301e-02,4.394470303025319741e-02
4.799999999999901235e+00,3.279070679883158701e-01,-1.670219454176231633e-01,1.675117379309461543e-02,-1.670219454176231633e-01,6.259568309941019315e-01,-2.642035100721765520e-02,1.675117379309461543e-02,-2.642035100721765520e-02,4.613610101758224002e-02
4.848484848484758025e+00,3.433304765884495624e-01,-1.580013535955893111e-01,1.938240507951318609e-02,-1.580013535955893111e-01,6.084824863864175537e-01,-2.609212203664178914e-02,1.938240507951318609e-02,-2.609212203664178914e-02,4.818703702513301573e-02
4.896969696969614816e+00,3.601353866505264123e-01,-1.469610647140814907e-01,2.236171584894555350e-02,-1.469610647140814907e-01,5.897722476324298579e-01,-2.545403618389698724e-02,2.236171584894555350e-02,-2.545403618389698724e-02,5.009236571704371588e-02
4.945454545454471607e+00,3.773250432643941998e-01,-1.324964331104999948e-01,2.545421012543048686e-02,-1.324964331104999948e-01,5.705969500926263427e-01,-2.445858182215701962e-02,2.545421012543048686e-02,-2.445858182215701962e-02,5.207800664297921461e-02
4.993939393939328397e+00,3.937766978938721518e-01,-1.143024992930391087e-01,2.809254992315068228e-02,-1.143024992930391087e-01,5.522173159003255227e-01,-2.294909842826465748e-02,2.809254992315068228e-02,-2.294909842826465748e-02,5.400598620580198544e-02
5.042424242424185188e+00,4.076181033487170091e-01,-9.240947461343336500e-02,2.963636152709676896e-02,-9.240947461343336500e-02,5.366294084807513576e-01,-2.090601866716750717e-02,2.963636152709676896e-02,-2.090601866716750717e-02,5.575248817053148065e-02
5.090909090909041979e+00,4.187161519894044281e-01,-6.718856397065239849e-02,3.096502664864541829e-02,-6.718856397065239849e-02,5.239772675231200161e-01,-1.923075054464427197e-02,3.096502664864541829e-02,-1.923075054464427197e-02,5.730658048747574312e-02
5.139393939393898769e+00,4.257201472813241239e-01,-3.951168079661510762e-02,3.211143693564973145e-02,-3.951168079661510762e-02,5.157021317924479487e-01,-1.754053869591181911e-02,3.211143693564973145e-02,-1.754053869591181911e-02,5.857772092622801074e-02
5.187878787878755560e+00,4.278794571394924917e-01,-1.009031172783898811e-02,3.302289408241649432e-02,-1.009031172783898811e-02,5.125481305061854176e-01,-1.614327527947130234e-02,3.302289408241649432e-02,-1.614327527947130234e-02,5.957241235432210458e-02
5.236363636363612351e+00,4.244839311637024215e-01,1.992189138705765042e-02,3.372879320697436817e-02,1.992189138705765042e-02,5.152384696692484667e-01,-1.523131778324257439e-02,3.372879320697436817e-02,-1.523131778324257439e-02,6.027759916704900772e-02
5.284848484848469141e+00,4.156769171575054878e-01,4.823599640799242083e-02,3.427700262698963468e-02,4.823599640799242083e-02,5.237198526653893405e-01,-1.465552923207463949e-02,3.427700262698963468e-02,-1.465552923207463949e-02,6.060323017710508853e-02
5.333333333333325932e+00,4.028715017176343616e-01,7.315134979638111823e-02,3.468113010810862373e-02,7.315134979638111823e-02,5.368372098289935224e-01,-1.401909294731976119e-02,3.468113010810862373e-02,-1.401909294731976119e-02,6.029128845337195647e-02
5.381818181818182723e+00,3.857274345075625832e-01,9.343221661348687090e-02,3.569650212467205541e-02,9.343221661348687090e-02,5.544338412480047662e-01,-1.402758684063691065e-02,3.569650212467205541e-02,-1.402758684063691065e-02,5.983872424443270610e-02
5.430303030303039513e+00,3.670586012700200462e-01,1.089654309596503889e-01,3.728480220042027643e-02,1.089654309596503889e-01,5.737688345544901258e-01,-1.428117344682023476e-02,3.728480220042027643e-02,-1.428117344682023476e-02,5.917256417548959202e-02
5.478787878787896304e+00,3.493871655825762645e-01,1.207868872167107144e-01,3.881876573343938375e-02,1.207868872167107144e-01,5.922854099215368873e-01,-1.372257571724848531e-02,3.881876573343938375e-02,-1.372257571724848531e-02,5.832742449588676492e-02
5.527272727272753094e+00,3.321450663022839644e-01,1.300984556226394417e-01,4.070207936853527386e-02,1.300984556226394417e-01,6.098976145713616015e-01,-1.229651706578864870e-02,4.070207936853527386e-02,-1.229651706578864870e-02,5.795731912635444794e-02
5.575757575757609885e+00,3.159365574745818250e-01,1.368926981869350579e-01,4.283277939780840565e-02,1.368926981869350579e-01,6.259085528630016215e-01,-9.664375730985242177e-03,4.283277939780840565e-02,-9.664375730985242177e-03,5.815488966241647711e-02
5.624242424242466676e+00,3.015144677686261709e-01,1.424649152346652015e-01,4.459476977357388489e-02,1.424649152346652015e-01,6.403453243886733093e-01,-6.182974529415073348e-03,4.459476977357388489e-02,-6.182974529415073348e-03,5.814020784270073489e-02
5.672727272727323466e+00,2.884568769230282381e-01,1.473470076111269567e-01,4.582675603735950759e-02,1.473470076111269567e-01,6.537937494583607734e-01,-2.254937115272517487e-03,4.582675603735950759e-02,-2.254937115272517487e-03,5.774937361861092605e-02
5.721212121212180257e+00,2.762640400248922989e-01,1.521590784064102142e-01,4.644751972206093149e-02,1.521590784064102142e-01,6.666161546924409542e-01,2.198719092747884914e-03,4.644751972206093149e-02,2.198719092747884914e-03,5.711980528266663582e-02
5.769696969697037048e+00,2.648360275267166997e-01,1.570154492616969433e-01,4.634866923689421464e-02,1.570154492616969433e-01,6.789421789860566880e-01,6.814914286527615044e-03,4.634866923689421464e-02,6.814914286527615044e-03,5.622179348722691067e-02
5.818181818181893838e+00,2.531834008944240932e-01,1.623551357089838831e-01,4.544505648197667141e-02,1.623551357089838831e-01,6.914564513455316863e-01,1.121587228344294793e-02,4.544505648197667141e-02,1.121587228344294793e-02,5.536014776004438698e-02
5.866666666666750629e+00,2.413133066433285900e-01,1.679359007992603792e-01,4.419323849867331372e-02,1.679359007992603792e-01,7.041546787680309505e-01,1.472851111990404124e-02,4.419323849867331372e-02,1.472851111990404124e-02,5.453201458864042478e-02
5.915151515151607420e+00,2.292532602745778192e-01,1.736042482932080577e-01,4.251988066749293194e-02,1.736042482932080577e-01,7.175712987007473176e-01,1.721073344685092321e-02,4.251988066749293194e-02,1.721073344685092321e-02,5.317544102467467587e-02
5.963636363636464210e+00,2.163719078121977835e-01,1.785222510503660376e-01,4.037391711194285304e-02,1.785222510503660376e-01,7.323109455949308177e-01,1.905518773897771703e-02,4.037391711194285304e-02,1.905518773897771703e-02,5.131714659287123920e-02
6.012121212121321001e+00,2.022815387901168993e-01,1.817648362409999829e-01,3.784573429018202317e-02,1.817648362409999829e-01,7.483893791505017434e-01,2.030384018189296952e-02,3.784573429018202317e-02,2.030384018189296952e-02,4.932908205938113522e-02
6.060606060606177792e+00,1.874310525299027752e-01,1.830232034956184306e-01,3.522815200818984332e-02,1.830232034956184306e-01,7.653634898634711359e-01,2.097581880508025270e-02,3.522815200818984332e-02,2.097581880508025270e-02,4.720545760662650525e-02
6.109090909091034582e+00,1.724853904923905334e-01,1.821554169159730341e-01,3.275095875224683095e-02,1.821554169159730341e-01,7.825985644509140249e-01,2.104512410281976498e-02,3.275095875224683095e-02,2.104512410281976498e-02,4.491604505669528902e-02
6.157575757575891373e+00,1.579829178866576089e-01,1.793956042311785626e-01,3.056054918004473542e-02,1.793956042311785626e-01,7.993463523870338872e-01,2.097701425267147965e-02,3.056054918004473542e-02,2.097701425267147965e-02,4.267072972630819860e-02
6.206060606060748164e+00,1.443513508110136068e-01,1.746490562658600532e-01,2.866665285944508881e-02,1.746490562658600532e-01,8.149989768114105360e-01,2.101948859361519456e-02,2.866665285944508881e-02,2.101948859361519456e-02,4.064967237757591972e-02
6.254545454545604954e+00,1.323482599966847029e-01,1.683799302169267653e-01,2.702819293938626966e-02,1.683799302169267653e-01,8.282543359296311580e-01,2.206550326332870973e-02,2.702819293938626966e-02,2.206550326332870973e-02,3.939740407368428482e-02
6.303030303030461745e+00,1.224109219748510391e-01,1.611965762447671313e-01,2.555160908071972201e-02,1.611965762447671313e-01,8.399549606167855398e-01,2.292849171224888710e-02,2.555160908071972201e-02,2.292849171224888710e-02,3.763411740836340030e-02
6.351515151515318536e+00,1.136630458370495450e-01,1.531241460268194798e-01,2.379083791409864965e-02,1.531241460268194798e-01,8.502804190113613103e-01,2.331249737475675488e-02,2.379083791409864965e-02,2.331249737475675488e-02,3.605653515158918632e-02
6.400000000000175326e+00,1.063863932906164433e-01,1.458116638657658004e-01,2.245718940794842050e-02,1.458116638657658004e-01,8.587747719324716478e-01,2.306802979200162779e-02,2.245718940794842050e-02,2.306802979200162779e-02,3.483883477691183950e-02
6.448484848485032117e+00,9.998036832797074780e-02,1.385567725517108939e-01,2.136630358401051671e-02,1.385567725517108939e-01,8.662028613476048244e-01,2.303251862560477814e-02,2.136630358401051671e-02,2.303251862560477814e-02,3.381677032442421266e-02
6.496969696969888908e+00,9.444274565091209661e-02,1.313819741022446141e-01,2.036265853781539861e-02,1.313819741022446141e-01,8.726929767210996891e-01,2.341872746279225967e-02,2.036265853781539861e-02,2.341872746279225967e-02,3.286427762798811714e-02
6.545454545454745698e+00,8.992349720955765402e-02,1.245229853227063782e-01,1.935046852611463364e-02,1.245229853227063782e-01,8.781306207272689957e-01,2.394025574935327097e-02,1.935046852611463364e-02,2.394025574935327097e-02,3.194588206317382911e-02
6.593939393939602489e+00,8.641598653359996995e-02,1.181618537605377134e-01,1.798820704427219960e-02,1.181618537605377134e-01,8.825292438326658440e-01,2.421302175189818037e-02,1.798820704427219960e-02,2.421302175189818037e-02,3.105476963373408200e-02
6.642424242424459280e+00,8.328009414375503461e-02,1.122387875492615872e-01,1.653307925357552083e-02,1.122387875492615872e-01,8.865075506494323188e-01,2.419442775974767548e-02,1.653307925357552083e-02,2.419442775974767548e-02,3.021235520681232398e-02
6.690909090909316070e+00,8.051895237877680633e-02,1.064617416795082816e-01,1.524362177472938368e-02,1.064617416795082816e-01,8.900134713883848248e-01,2.360033190846062834e-02,1.524362177472938368e-02,2.360033190846062834e-02,2.946757623283855279e-02
6.739393939394172861e+00,7.837393122332059203e-02,1.005691928523702594e-01,1.419665354335270489e-02,1.005691928523702594e-01,8.926712709789514921e-01,2.289624280443407905e-02,1.419665354335270489e-02,2.289624280443407905e-02,2.895479779772764869e-02
6.787878787879029652e+00,7.637707915642094614e-02,9.513501893030998358e-02,1.301263505972862812e-02,9.513501893030998358e-02,8.952353448762810917e-01,2.165359645936491134e-02,1.301263505972862812e-02,2.165359645936491134e-02,2.838757596729806279e-02
6.836363636363886442e+00,7.469098599229860580e-02,8.963554342650052742e-02,1.225913273527293179e-02,8.963554342650052742e-02,8.973765705637765100e-01,2.038870696766630769e-02,1.225913273527293179e-02,2.038870696766630769e-02,2.793244344392482870e-02
6.884848484848743233e+00,7.370393799446980920e-02,8.444188794672553844e-02,1.221185329257688454e-02,8.444188794672553844e-02,8.985976194610669765e-01,1.961900154656472453e-02,1.221185329257688454e-02,1.961900154656472453e-02,2.769844254446287082e-02
6.933333333333600024e+00,7.266602042118082416e-02,7.942813960771480386e-02,1.213411452939831131e-02,7.942813960771480386e-02,8.995558123747295909e-01,1.943773143920780877e-02,1.213411452939831131e-02,1.943773143920780877e-02,2.777816720408968557e-02
6.981818181818456814e+00,7.144477480775471290e-02,7.458074889501220550e-02,1.212434477795805259e-02,7.458074889501220550e-02,9.003866767648330827e-01,1.934566870753349349e-02,1.212434477795805259e-02,1.934566870753349349e-02,2.816854842741245771e-02
7.030303030303313605e+00,6.972955541137330904e-02,7.000164856245942591e-02,1.194806399146650967e-02,7.000164856245942591e-02,9.015976051733030072e-01,1.967965689703611229e-02,1.194806399146650967e-02,1.967965689703611229e-02,2.867283941532364905e-02
7.078787878788170396e+00,6.797391311437817052e-02,6.550803825348017195e-02,1.192783868645783812e-02,6.550803825348017195e-02,9.025959348497222257e-01,1.987276190137134482e-02,1.192783868645783812e-02,1.987276190137134482e-02,2.943015203589951709e-02
7.127272727273027186e+00,6.625193252021230328e-02,6.113811259986204338e-02,1.211251002036274095e-02,6.113811259986204338e-02,9.045200296137487772e-01,1.993352004705019331e-02,1.211251002036274095e-02,1.993352004705019331e-02,2.922803786603883278e-02
7.175757575757883977e+00,6.478888695476545112e-02,5.648240076815443794e-02,1.236533893500473512e-02,5.648240076815443794e-02,9.070115096820279277e-01,1.982042448041176214e-02,1.236533893500473512e-02,1.982042448041176214e-02,2.819960336320679120e-02
7.224242424242740768e+00,6.361025559264893436e-02,5.163994600875423946e-02,1.268154131419381089e-02,5.163994600875423946e-02,9.074213509830881819e-01,2.051706169229155011e-02,1.268154131419381089e-02,2.051706169229155011e-02,2.896839342426336256e-02
7.272727272727597558e+00,6.267202419356833476e-02,4.712737166231806274e-02,1.324572578751151072e-02,4.712737166231806274e-02,9.078226329177617737e-01,2.102141750264408318e-02,1.324572578751151072e-02,2.102141750264408318e-02,2.950534288866968335e-02
7.321212121212454349e+00,6.213126269193390561e-02,4.244165980628947926e-02,1.362535524911500165e-02,4.244165980628947926e-02,9.078414676527163385e-01,2.160265968506478590e-02,1.362535524911500165e-02,2.160265968506478590e-02,3.002726965534997794e-02
7.369696969697311140e+00,6.178561067850699834e-02,3.759005315662111019e-02,1.376278931836796664e-02,3.759005315662111019e-02,9.083140730268237650e-01,2.208729161339233887e-02,1.376278931836796664e-02,2.208729161339233887e-02,2.990031629466904928e-02
7.418181818182167930e+00,6.169054856678072435e-02,3.241805269708680076e-02,1.366703683717194161e-02,3.241805269708680076e-02,9.078987207313510277e-01,2.286866152929951934e-02,1.366703683717194161e-02,2.286866152929951934e-02,3.041073070186828958e-02
7.466666666667024721e+00,6.179989864769275254e-02,2.675980102643329278e-02,1.340108707570074852e-02,2.675980102643329278e-02,9.065496175177801819e-01,2.368012726023392342e-02,1.340108707570074852e-02,2.368012726023392342e-02,3.165048383452711417e-02
7.515151515151881512e+00,6.234910377830567285e-02,2.078951525816723558e-02,1.310678063653906815e-02,2.078951525816723558e-02,9.056248930600877545e-01,2.411965787476159223e-02,1.310678063653906815e-02,2.411965787476159223e-02,3.202600316160660043e-02
7.563636363636738302e+00,6.363265364218852194e-02,1.494512057858432205e-02,1.295406355543326539e-02,1.494512057858432205e-02,9.034765704649907470e-01,2.429313104694139774e-02,1.295406355543326539e-02,2.429313104694139774e-02,3.289077589282075886e-02
7.612121212121595093e+00,6.501160226615672333e-02,9.961270681578083402e-03,1.353244595679039576e-02,9.961270681578083402e-03,9.008214241015983781e-01,2.404340815756021016e-02,1.353244595679039576e-02,2.404340815756021016e-02,3.416697363224503736e-02
7.660606060606451884e+00,6.704227641774655744e-02,5.487359130109458610e-03,1.415736875120245618e-02,5.487359130109458610e-03,8.973371740695728072e-01,2.392886366698527417e-02,1.415736875120245618e-02,2.392886366698527417e-02,3.562054951268063541e-02
7.709090909091308674e+00,6.926877735188498308e-02,1.510374446805862799e-03,1.477675099745499182e-02,1.510374446805862799e-03,8.936627574023637832e-01,2.412218639155279051e-02,1.477675099745499182e-02,2.412218639155279051e-02,3.706846524575116431e-02
7.757575757576165465e+00,7.197577854770337291e-02,-1.261112947094524331e-03,1.536241039219855657e-02,-1.261112947094524331e-03,8.904418759821864926e-01,2.409924076580085422e-02,1.536241039219855657e-02,2.409924076580085422e-02,3.758234547010999571e-02
7.806060606061022256e+00,7.446622669035267428e-02,-3.028876334519432778e-03,1.588369902054860561e-02,-3.028876334519432778e-03,8.857144336911071392e-01,2.470004278547185614e-02,1.588369902054860561e-02,2.470004278547185614e-02,3.981933961854034615e-02
7.854545454545879046e+00,7.635490870251299134e-02,-3.875270465546089629e-03,1.653174470384540656e-02,-3.875270465546089629e-03,8.810669338257134386e-01,2.557761297221039856e-02,1.653174470384540656e-02,2.557761297221039856e-02,4.257815747177357696e-02
7.903030303030735837e+00,7.746823077410176783e-02,-4.660949068581284049e-03,1.711769199953875470e-02,-4.660949068581284049e-03,8.777071620359820914e-01,2.653229104182361006e-02,1.711769199953875470e-02,2.653229104182361006e-02,4.482460718991589793e-02
7.951515151515592628e+00,7.792246221097597070e-02,-6.016965167496654554e-03,1.740110062931198368e-02,-6.016965167496654554e-03,8.752049412771681913e-01,2.788836691812673907e-02,1.740110062931198368e-02,2.788836691812673907e-02,4.687259651185581716e-02
8.000000000000449418e+00,7.828512641352568246e-02,-8.136736419535071929e-03,1.720230859071809892e-02,-8.136736419535071929e-03,8.741558811783467497e-01,2.952563105491338644e-02,1.720230859071809892e-02,2.952563105491338644e-02,4.755899240812753309e-02
8.048484848485276899e+00,7.830160499750704606e-02,-1.061418424502926297e-02,1.662073109493057699e-02,-1.061418424502926297e-02,8.747343560081010105e-01,3.150708329677603947e-02,1.662073109493057699e-02,3.150708329677603947e-02,4.696403899439219320e-02
8.096969696970104380e+00,7.801785137575918683e-02,-1.264391708429690557e-02,1.570074278434733378e-02,-1.264391708429690557e-02,8.740304242537644264e-01,3.347367945417285134e-02,1.570074278434733378e-02,3.347367945417285134e-02,4.795172437047635905e-02
8.145454545454931861e+00,7.824670295809522946e-02,-1.499758936608078241e-02,1.468717702920678547e-02,-1.499758936608078241e-02,8.726657943381174176e-01,3.479867964308098333e-02,1.468717702920678547e-02,3.479867964308098333e-02,4.908750270378735986e-02
8.193939393939759341e+00,7.873652650861300006e-02,-1.745673343970576691e-02,1.365311407480200058e-02,-1.745673343970576691e-02,8.711826795134965939e-01,3.607039599264498519e-02,1.365311407480200058e-02,3.607039599264498519e-02,5.008079397789025333e-02
8.242424242424586822e+00,7.971710010589144746e-02,-2.000307111076175814e-02,1.260201779386607886e-02,-2.000307111076175814e-02,8.691696950463979610e-01,3.732623436928318023e-02,1.260201779386607886e-02,3.732623436928318023e-02,5.111320484771060546e-02
8.290909090909414303e+00,8.112483246020990579e-02,-2.239636180000199178e-02,1.142583477428756565e-02,-2.239636180000199178e-02,8.668327618476634466e-01,3.840252253938969407e-02,1.142583477428756565e-02,3.840252253938969407e-02,5.204240569212647410e-02
8.339393939394241784e+00,8.268384185197444336e-02,-2.447225065625120710e-02,1.011790838405006443e-02,-2.447225065625120710e-02,8.645840825305708410e-01,3.928792313898084310e-02,1.011790838405006443e-02,3.928792313898084310e-02,5.273207561745452826e-02
8.387878787879069264e+00,8.397127193460117434e-02,-2.616001924467354495e-02,8.654806151925877392e-03,-2.616001924467354495e-02,8.628861417967441660e-01,3.995275998910594040e-02,8.654806151925877392e-03,3.995275998910594040e-02,5.314258626865445839e-02
8.436363636363896745e+00,8.463295440613965992e-02,-2.733457689826623849e-02,7.073911278225379802e-03,-2.733457689826623849e-02,8.623183919911288076e-01,4.052648488355758971e-02,7.073911278225379802e-03,4.052648488355758971e-02,5.304865360273163660e-02
8.484848484848724226e+00,8.438964169094899381e-02,-2.835406714355531710e-02,5.591862817619920947e-03,-2.835406714355531710e-02,8.629308505408789243e-01,4.100977100633673017e-02,5.591862817619920947e-03,4.100977100633673017e-02,5.267950776817254682e-02
8.533333333333551707e+00,8.327253277365365136e-02,-2.973532235806299398e-02,4.171671712288057589e-03,-2.973532235806299398e-02,8.644357611847954814e-01,4.129647906734713186e-02,4.171671712288057589e-03,4.129647906734713186e-02,5.229170604155092272e-02
8.581818181818379188e+00,8.187582908166363138e-02,-3.176822622472851715e-02,3.117700665463460103e-03,-3.176822622472851715e-02,8.664128132543339467e-01,4.138905290821965482e-02,3.117700665463460103e-03,4.138905290821965482e-02,5.171135766400229011e-02
8.630303030303206668e+00,8.048342320507126391e-02,-3.498734867693494011e-02,2.189611743497250906e-03,-3.498734867693494011e-02,8.687957842518945206e-01,4.153334275043644996e-02,2.189611743497250906e-03,4.153334275043644996e-02,5.072079254303407669e-02
8.678787878788034149e+00,7.882416128849051296e-02,-3.929295634342264837e-02,1.041672746160161216e-03,-3.929295634342264837e-02,8.710978085665125326e-01,4.148026441182617319e-02,1.041672746160161216e-03,4.148026441182617319e-02,5.007803014499706551e-02
8.727272727272861630e+00,7.732317122164490686e-02,-4.475491476155155773e-02,-1.608526013007680316e-04,-4.475491476155155773e-02,8.725637754592331374e-01,4.181818934300807894e-02,-1.608526013007680316e-04,4.181818934300807894e-02,5.011305331912201122e-02
8.775757575757689111e+00,7.656883485065016370e-02,-5.149035699673474437e-02,-1.513965099998260252e-03,-5.149035699673474437e-02,8.732981479166150862e-01,4.244984608608567966e-02,-1.513965099998260252e-03,4.244984608608567966e-02,5.013301723273472232e-02
8.824242424242516591e+00,7.667764518908581906e-02,-5.912894468221266409e-02,-2.990115856797800897e-03,-5.912894468221266409e-02,8.737496096113206434e-01,4.320934455628263476e-02,-2.990115856797800897e-03,4.320934455628263476e-02,4.957274519959350284e-02
8.872727272727344072e+00,7.768239638340238007e-02,-6.726566323168135797e-02,-4.681109069124963704e-03,-6.726566323168135797e-02,8.727184740699679422e-01,4.377973922986069799e-02,-4.681109069124963704e-03,4.377973922986069799e-02,4.959912954662953899e-02
8.921212121212171553e+00,7.954455479711251831e-02,-7.558591104295582508e-02,-6.226234078064318660e-03,-7.558591104295582508e-02,8.703698566660565961e-01,4.423958534309053309e-02,-6.226234078064318660e-03,4.423958534309053309e-02,5.008558853683087175e-02
8.969696969696999034e+00,8.250132775868818102e-02,-8.399604993633556782e-02,-7.687907796989308651e-03,-8.399604993633556782e-02,8.662705824365950491e-01,4.417743302825271473e-02,-7.687907796989308651e-03,4.417743302825271473e-02,5.122808980471666579e-02
9.018181818181826515e+00,8.623675000629467402e-02,-9.226827706326755363e-02,-8.851472475648677549e-03,-9.226827706326755363e-02,8.620840054734464353e-01,4.392624240486933673e-02,-8.851472475648677549e-03,4.392624240486933673e-02,5.167924452025877968e-02
9.066666666666653995e+00,9.088742717664413662e-02,-9.974449832711319852e-02,-9.446004675627731745e-03,-9.974449832711319852e-02,8.558252287028977889e-01,4.366819149341340939e-02,-9.446004675627731745e-03,4.366819149341340939e-02,5.328734412045787322e-02
9.115151515151481476e+00,9.629389521022743703e-02,-1.069979208504292512e-01,-1.093194417110387659e-02,-1.069979208504292512e-01,8.484897944653043700e-01,4.271741097314428470e-02,-1.093194417110387659e-02,4.271741097314428470e-02,5.521631032446854687e-02
9.163636363636308957e+00,1.032339387256259317e-01,-1.131185049138199034e-01,-1.236470403038296070e-02,-1.131185049138199034e-01,8.401780121545038282e-01,4.172671424574372900e-02,-1.236470403038296070e-02,4.172671424574372900e-02,5.658804911987044134e-02
9.212121212121136438e+00,1.104909262769185746e-01,-1.180978149015478457e-01,-1.397712864000187800e-02,-1.180978149015478457e-01,8.306210475583962749e-01,4.049827950529894666e-02,-1.397712864000187800e-02,4.049827950529894666e-02,5.888802616468517132e-02
9.260606060605963918e+00,1.176806826764197483e-01,-1.217177041545084437e-01,-1.545539628597515126e-02,-1.217177041545084437e-01,8.217713965947109900e-01,3.930427106537479065e-02,-1.545539628597515126e-02,3.930427106537479065e-02,6.054792072886903964e-02
9.309090909090791399e+00,1.239177474694199699e-01,-1.237116355570340165e-01,-1.703335705739715544e-02,-1.237116355570340165e-01,8.121434720082153502e-01,3.791954986263309374e-02,-1.703335705739715544e-02,3.791954986263309374e-02,6.393878052236492970e-02
9.357575757575618880e+00,1.307707444188935253e-01,-1.254849755784555598e-01,-1.751705308288783319e-02,-1.254849755784555598e-01,8.026331979140833850e-01,3.670240605477569779e-02,-1.751705308288783319e-02,3.670240605477569779e-02,6.659605766702306195e-02
9.406060606060446361e+00,1.380941832323982765e-01,-1.271939581890033921e-01,-1.717033067669332391e-02,-1.271939581890033921e-01,7.931147917697534133e-01,3.580345406636746552e-02,-1.717033067669332391e-02,3.580345406636746552e-02,6.879102499784821301e-02
9.454545454545273842e+00,1.444157224632174052e-01,-1.290363527159044121e-01,-1.678047718308149638e-02,-1.290363527159044121e-01,7.841007820871168654e-01,3.470902535518868154e-02,-1.678047718308149638e-02,3.470902535518868154e-02,7.148349544966567382e-02
9.503030303030101322e+00,1.513537949384845815e-01,-1.299544654540102928e-01,-1.541367204083556562e-02,-1.299544654540102928e-01,7.745872309389784105e-01,3.410620791121566492e-02,-1.541367204083556562e-02,3.410620791121566492e-02,7.405897412253691081e-02
9.551515151514928803e+00,1.593007608076829618e-01,-1.313702194760436870e-01,-1.431951955526640854e-02,-1.313702194760436870e-01,7.644997345398347743e-01,3.509051170746497333e-02,-1.431951955526640854e-02,3.509051170746497333e-02,7.619950465248226390e-02
9.599999999999756284e+00,1.681834974053529885e-01,-1.332545653029232613e-01,-1.434913862631465031e-02,-1.332545653029232613e-01,7.536623998718290363e-01,3.696104490433661099e-02,-1.434913862631465031e-02,3.696104490433661099e-02,7.815410272281755888e-02
9.648484848484583765e+00,1.774329947638718374e-01,-1.337825002170694999e-01,-1.549796202922540216e-02,-1.337825002170694999e-01,7.414131459952458814e-01,3.905207180727678085e-02,-1.549796202922540216e-02,3.905207180727678085e-02,8.115385924088178160e-02
9.696969696969411245e+00,1.865889458123659861e-01,-1.332875463121934445e-01,-1.803622266413046349e-02,-1.332875463121934445e-01,7.303385962438255774e-01,4.061536558246581219e-02,-1.803622266413046349e-02,4.061536558246581219e-02,8.307245794380858916e-02
9.745454545454238726e+00,1.956486476079068448e-01,-1.321666544506761576e-01,-2.148820807934290547e-02,-1.321666544506761576e-01,7.179952961127652467e-01,3.997173937261120497e-02,-2.148820807934290547e-02,3.997173937261120497e-02,8.635605627932761708e-02
9.793939393939066207e+00,2.052891725280960589e-01,-1.307885307603263991e-01,-2.512052804647613158e-02,-1.307885307603263991e-01,7.051426946337483459e-01,3.726433366003733400e-02,-2.512052804647613158e-02,3.726433366003733400e-02,8.956813283815548421e-02
9.842424242423893688e+00,2.163067026862616204e-01,-1.289433312230917339e-01,-2.875233883535006224e-02,-1.289433312230917339e-01,6.918623525561174992e-01,3.336826810242177199e-02,-2.875233883535006224e-02,3.336826810242177199e-02,9.183094475762089426e-02
9.890909090908721168e+00,2.279750747185553261e-01,-1.251555363650802277e-01,-3.235265377737347320e-02,-1.251555363650802277e-01,6.785096223591726705e-01,2.799381443591548654e-02,-3.235265377737347320e-02,2.799381443591548654e-02,9.351530292227198948e-02
9.900776847676924675e+00,2.304038797287729645e-01,-1.241587352285795087e-01,-3.305546219915843353e-02,-1.241587352285795087e-01,6.755722685594783838e-01,2.697612402434955078e-02,-3.305546219915843353e-02,2.697612402434955078e-02,9.402385171174852674e-02
