0.000000000000000000e+00,nan,nan,nan,nan,nan,nan,nan,nan,nan
9.476584022038574140e-02,1.010039607657501753e-01,3.013337003074025855e-01,-2.200638891805288593e-05,3.013337003074025855e-01,8.989960208748029036e-01,-6.568385347959022533e-05,-2.200638891805288593e-05,-6.568385347959022533e-05,1.835944699476225534e-08
1.895316804407711220e-01,3.117745908936063182e-01,4.632150184488290634e-01,-1.584484485400190084e-04,4.632150184488290634e-01,6.882252294350635902e-01,-2.354345310107178418e-04,-1.584484485400190084e-04,-2.354345310107178418e-04,1.796713299589798626e-07
2.842975206611563221e-01,5.021243201190319638e-01,4.999744141292743471e-01,-3.100518778706924162e-04,4.999744141292743471e-01,4.978751353987133088e-01,-3.071925925019541523e-04,-3.100518778706924162e-04,-3.071925925019541523e-04,5.444822546989721568e-07
3.790633608815415223e-01,6.386367223915851987e-01,4.803461811120648406e-01,-4.304079632824970095e-04,4.803461811120648406e-01,3.613621726857589311e-01,-3.173003788919941288e-04,-4.304079632824970095e-04,-3.173003788919941288e-04,1.104922655871946853e-06
4.738292011019267225e-01,7.286247570139474661e-01,4.445603215598938895e-01,-5.428102140614095641e-04,4.445603215598938895e-01,2.713730198018515227e-01,-3.163736129191644254e-04,-5.428102140614095641e-04,-3.163736129191644254e-04,2.223184201023473743e-06
5.685950413223136435e-01,7.879975217256741660e-01,4.085171236685987695e-01,-5.275548083940728846e-04,4.085171236685987695e-01,2.119980094635829926e-01,-2.507778442658873319e-04,-5.275548083940728846e-04,-2.507778442658873319e-04,4.468810742826795315e-06
6.633608815427012306e-01,8.306226790035800001e-01,3.747044008406554272e-01,-8.483150431041293002e-04,3.747044008406554272e-01,1.693695780149271080e-01,-3.583694587042778328e-04,-8.483150431041293002e-04,-3.583694587042778328e-04,7.742981492815349269e-06
7.581267217630888178e-01,8.627123656198194546e-01,3.436049497223614968e-01,-1.405396200474733764e-03,3.436049497223614968e-01,1.372772075235909328e-01,-5.416032330790230805e-04,-1.405396200474733764e-03,-5.416032330790230805e-04,1.042685658971157802e-05
8.528925619834764049e-01,8.854778337393993670e-01,3.176978319904451009e-01,-1.703903033133680363e-03,3.176978319904451009e-01,1.145047143550443625e-01,-6.096414288972857014e-04,-1.703903033133680363e-03,-6.096414288972857014e-04,1.745190555635869217e-05
9.476584022038639921e-01,9.018132958345719263e-01,2.965387089387601649e-01,-1.789706528508008473e-03,2.965387089387601649e-01,9.814594550197511258e-02,-6.277551704045243900e-04,-1.789706528508008473e-03,-6.277551704045243900e-04,4.075866345291353002e-05
1.042424242424249359e+00,9.156113648329089472e-01,2.766512101803815793e-01,-2.319789702107034023e-03,2.766512101803815793e-01,8.430929193562336499e-02,-8.113148218853785936e-04,-2.319789702107034023e-03,-8.113148218853785936e-04,7.934323146756213372e-05
1.137190082644632172e+00,9.272895951345214716e-01,2.580585800370159832e-01,-3.010860302320650470e-03,2.580585800370159832e-01,7.258485095381364549e-02,-1.029771138660570511e-03,-3.010860302320650470e-03,-1.029771138660570511e-03,1.255539116650752549e-04
1.231955922865014985e+00,9.279292364179346775e-01,2.558737522545204701e-01,-7.095998031073510147e-04,2.558737522545204701e-01,7.183154706982103344e-02,-3.834465862222378139e-04,-7.095998031073510147e-04,-3.834465862222378139e-04,2.392165122442157349e-04
1.326721763085397798e+00,9.332257581470270180e-01,2.459534338735143155e-01,1.039050401869960399e-03,2.459534338735143155e-01,6.642555732205901453e-02,8.577917423738322215e-05,1.039050401869960399e-03,8.577917423738322215e-05,3.486845309140027948e-04
1.421487603305780612e+00,9.402866023715743538e-01,2.323530311059008868e-01,2.933437052222188923e-03,2.323530311059008868e-01,5.925026723221285541e-02,5.237747893027994064e-04,2.933437052222188923e-03,5.237747893027994064e-04,4.631303962127197166e-04
1.516253443526163425e+00,9.463757940985809691e-01,2.193952732023128072e-01,3.198628557457633675e-03,2.193952732023128072e-01,5.303603171684066059e-02,4.849851858427826293e-04,3.198628557457633675e-03,4.849851858427826293e-04,5.881741845783986910e-04
1.611019283746546238e+00,9.535115055436484965e-01,2.038397960435168743e-01,1.331500040021076081e-03,2.038397960435168743e-01,4.583940692466979827e-02,-7.498636524848724741e-05,1.331500040021076081e-03,-7.498636524848724741e-05,6.490875316816920688e-04
1.705785123966929051e+00,9.602878203463502960e-01,1.881795203671668415e-01,3.017447589620545455e-03,1.881795203671668415e-01,3.902716220401995784e-02,3.552173709508321285e-04,3.017447589620545455e-03,3.552173709508321285e-04,6.850174496295908340e-04
1.800550964187311864e+00,9.644374984077599411e-01,1.774151931317863307e-01,5.582411934437534959e-03,1.774151931317863307e-01,3.486471149825254995e-02,9.324860739665433423e-04,5.582411934437534959e-03,9.324860739665433423e-04,6.977900939873118557e-04
1.895316804407694677e+00,9.689306621943797326e-01,1.645135493908615465e-01,4.655119926939439365e-03,1.645135493908615465e-01,3.032834362144415374e-02,7.338488595630749583e-04,4.655119926939439365e-03,7.338488595630749583e-04,7.409941841761233817e-04
1.990082644628077491e+00,9.740979870969795895e-01,1.501134699891209512e-01,5.410013898652472723e-03,1.501134699891209512e-01,2.526295070315694863e-02,8.514128368907277920e-04,5.410013898652472723e-03,8.514128368907277920e-04,6.390621998634364847e-04
2.084848484848460526e+00,9.784593375340483457e-01,1.368611705867983919e-01,3.788110997481851372e-03,1.368611705867983919e-01,2.095336037842625287e-02,5.014942710154971601e-04,3.788110997481851372e-03,5.014942710154971601e-04,5.873020875254122064e-04
2.179614325068843339e+00,9.813679933851222614e-01,1.259386567524971301e-01,4.143671920874936014e-03,1.259386567524971301e-01,1.798931837395200892e-02,5.071462914906766338e-04,4.143671920874936014e-03,5.071462914906766338e-04,6.426882409257346409e-04
2.274380165289226152e+00,9.839762888310427114e-01,1.163797321012818992e-01,6.131542464095833186e-03,1.163797321012818992e-01,1.543249236613097354e-02,8.247510120639120219e-04,6.131542464095833186e-03,8.247510120639120219e-04,5.912188028262877794e-04
2.369146005509608965e+00,9.871124778026429958e-01,1.044607624548778146e-01,6.899907975705326692e-03,1.044607624548778146e-01,1.237833951137040644e-02,8.246552290145127417e-04,6.899907975705326692e-03,8.246552290145127417e-04,5.091826859865012777e-04
2.463911845729991779e+00,9.890720875939602585e-01,9.668081905112776986e-02,6.417064137983792896e-03,9.668081905112776986e-02,1.050797046145257596e-02,6.722792963877790304e-04,6.417064137983792896e-03,6.722792963877790304e-04,4.199419445872039293e-04
2.558677685950374592e+00,9.907110617590754176e-01,8.875471765254039358e-02,7.778000721615214823e-03,8.875471765254039358e-02,8.890944994032578055e-03,7.828683821609320635e-04,7.778000721615214823e-03,7.828683821609320635e-04,3.979932468920542956e-04
2.653443526170757405e+00,9.917921917665070142e-01,8.344360935902639387e-02,8.635624387863522280e-03,8.344360935902639387e-02,7.818650792496948179e-03,8.792412589628022723e-04,8.635624387863522280e-03,8.792412589628022723e-04,3.891574409959150252e-04
2.748209366391140218e+00,9.932168162591137328e-01,7.577592838581510837e-02,8.052445575195125993e-03,7.577592838581510837e-02,6.415548528539472689e-03,7.036531943273934171e-04,8.052445575195125993e-03,7.036531943273934171e-04,3.676352123468481668e-04
2.842975206611523031e+00,9.941102786948021741e-01,7.039115393602669857e-02,6.751674339144287350e-03,7.039115393602669857e-02,5.549701871124898545e-03,5.275620451198907625e-04,6.751674339144287350e-03,5.275620451198907625e-04,3.400194340728750816e-04
2.937741046831905845e+00,9.950963888881421138e-01,6.458205793979643339e-02,4.842059621714674654e-03,6.458205793979643339e-02,4.649731475085915750e-03,3.627455681621023645e-04,4.842059621714674654e-03,3.627455681621023645e-04,2.538796367719698831e-04
3.032506887052288658e+00,9.960504071165623419e-01,5.788099879925009961e-02,5.112196912727799865e-03,5.788099879925009961e-02,3.710934059332575245e-03,3.660867200251730069e-04,5.112196912727799865e-03,3.660867200251730069e-04,2.386588241050931853e-04
3.127272727272671471e+00,9.968197877600816215e-01,5.147766924991450943e-02,3.581210536656813208e-03,5.147766924991450943e-02,2.967085753496385026e-03,2.364260427444131278e-04,3.581210536656813208e-03,2.364260427444131278e-04,2.131264864219826409e-04
3.222038567493054284e+00,9.974646896395354956e-01,4.522318125463870714e-02,2.047630314591072746e-03,4.522318125463870714e-02,2.340524961227640529e-03,1.261066035359566869e-04,2.047630314591072746e-03,1.261066035359566869e-04,1.947853992369139812e-04
3.316804407713437097e+00,9.979985214263653592e-01,3.888170683314191162e-02,1.436497966563254035e-03,3.888170683314191162e-02,1.804035327651676464e-03,7.945556026489176244e-05,1.436497966563254035e-03,7.945556026489176244e-05,1.974432459831523855e-04
3.411570247933819910e+00,9.984143492926403907e-01,3.347314129073739736e-02,5.866722741635368131e-04,3.347314129073739736e-02,1.414312504657341775e-03,6.342098690080688454e-05,5.866722741635368131e-04,6.342098690080688454e-05,1.713382027023563564e-04
3.506336088154202724e+00,9.986838248405064400e-01,2.880922970019416177e-02,-7.149852000475380095e-05,2.880922970019416177e-02,1.159181186529901781e-03,3.719498082841902293e-05,-7.149852000475380095e-05,3.719498082841902293e-05,1.569939729636508289e-04
3.601101928374585537e+00,9.989160281102592576e-01,2.450733604214285974e-02,7.529186181184661236e-06,2.450733604214285974e-02,9.434273768839457558e-04,3.248045950568180995e-05,7.529186181184661236e-06,3.248045950568180995e-05,1.405445128567736385e-04
3.695867768594968350e+00,9.991054938195333968e-01,2.005651457914512173e-02,5.229303451334344280e-04,2.005651457914512173e-02,7.630900997966934924e-04,4.937549338555700652e-05,5.229303451334344280e-04,4.937549338555700652e-05,1.314160806698610128e-04
3.790633608815351163e+00,9.992356418175927235e-01,1.578007102296746789e-02,7.821488195370969107e-04,1.578007102296746789e-02,6.356786876324313365e-04,6.163130841465308952e-05,7.821488195370969107e-04,6.163130841465308952e-05,1.286794947748186963e-04
3.885399449035733976e+00,9.993276438862159772e-01,1.202121945154644225e-02,9.999917407797300796e-04,1.202121945154644225e-02,5.488752691704104538e-04,6.591718347384608700e-05,9.999917407797300796e-04,6.591718347384608700e-05,1.234808446134149371e-04
3.980165289256116790e+00,9.993727782495047673e-01,8.295021036305258791e-03,1.536088716250037052e-03,8.295021036305258791e-03,5.094690247080632022e-04,6.973754141500625213e-05,1.536088716250037052e-03,6.973754141500625213e-05,1.177527257871903779e-04
4.074931129476500047e+00,9.993616208647636556e-01,4.421044214545777687e-03,1.842033581677971063e-03,4.421044214545777687e-03,5.167654450518511427e-04,6.373243871174677326e-05,1.842033581677971063e-03,6.373243871174677326e-05,1.216136901843664891e-04
4.169696969696882860e+00,9.993233578937352757e-01,2.287704179169368357e-04,1.874354089601845859e-03,2.287704179169368357e-04,5.333582827188944634e-04,6.499125398454754724e-05,1.874354089601845859e-03,6.499125398454754724e-05,1.432838235458646584e-04
4.264462809917265673e+00,9.992667211673270655e-01,-3.945713508792900170e-03,2.195213585784596289e-03,-3.945713508792900170e-03,5.592892379020602796e-04,8.124674431081525317e-05,2.195213585784596289e-03,8.124674431081525317e-05,1.739895947709182978e-04
4.359228650137648486e+00,9.992236870854553921e-01,-8.106820920519768742e-03,2.358866822012779720e-03,-8.106820920519768742e-03,5.941065092625388844e-04,9.124536875498397072e-05,2.358866822012779720e-03,9.124536875498397072e-05,1.822064052821707758e-04
4.453994490358031300e+00,9.991531600241396749e-01,-1.230938185010297184e-02,2.020727502555289858e-03,-1.230938185010297184e-02,6.588910312263542837e-04,1.207803368339388527e-04,2.020727502555289858e-03,1.207803368339388527e-04,1.879489446338635731e-04
4.548760330578414113e+00,9.990281500881087462e-01,-1.654385710458314979e-02,1.207876804133814963e-03,-1.654385710458314979e-02,7.709274068325356775e-04,1.696730102426268556e-04,1.207876804133814963e-03,1.696730102426268556e-04,2.009225050587759684e-04
4.643526170798796926e+00,9.988980630837097641e-01,-2.084171509935735592e-02,4.858727367351608735e-04,-2.084171509935735592e-02,8.810742362539925260e-04,2.071291311427312385e-04,4.858727367351608735e-04,2.071291311427312385e-04,2.208626800361578925e-04
4.738292011019179739e+00,9.987136431100933631e-01,-2.519073122771465362e-02,-4.825113244479517158e-07,-2.519073122771465362e-02,1.048022267955347380e-03,2.299589311316887574e-04,-4.825113244479517158e-07,2.299589311316887574e-04,2.383346219512127117e-04
4.833057851239562552e+00,9.985599986897926161e-01,-2.802816292177546728e-02,-1.818308957180626243e-03,-2.802816292177546728e-02,1.237182971727061962e-03,2.839750753880426553e-04,-1.818308957180626243e-03,2.839750753880426553e-04,2.028183384803756810e-04
4.927823691459945366e+00,9.983898359045959570e-01,-3.064245440923179381e-02,-3.072454941827452036e-03,-3.064245440923179381e-02,1.441075029456102049e-03,3.208580424594554767e-04,-3.072454941827452036e-03,3.208580424594554767e-04,1.690890659478256578e-04
5.022589531680328179e+00,9.981044395404559122e-01,-3.513596684030333844e-02,-3.256173843921465055e-03,-3.513596684030333844e-02,1.732493317273882828e-03,3.342503735998561499e-04,-3.256173843921465055e-03,3.342503735998561499e-04,1.630671422701543188e-04
5.117355371900710992e+00,9.976898217049480211e-01,-4.006053012106874922e-02,-3.901996631937090787e-03,-4.006053012106874922e-02,2.140109868433137750e-03,3.828131194418500963e-04,-3.901996631937090787e-03,3.828131194418500963e-04,1.700684266188943713e-04
5.212121212121093805e+00,9.972562560020391542e-01,-4.438227030359149367e-02,-6.276757922396803899e-03,-4.438227030359149367e-02,2.574860771113770055e-03,4.987830958827218315e-04,-6.276757922396803899e-03,4.987830958827218315e-04,1.688832268469323136e-04
5.306887052341476618e+00,9.967343455493915538e-01,-4.894062993960663493e-02,-9.526379470986726800e-03,-4.894062993960663493e-02,3.073169403538685267e-03,6.630555938535804194e-04,-9.526379470986726800e-03,6.630555938535804194e-04,1.924850470699204146e-04
5.401652892561859431e+00,9.960511912807821222e-01,-5.456254128060447628e-02,-1.169718019307944279e-02,-5.456254128060447628e-02,3.695124284678980627e-03,8.304933475483440184e-04,-1.169718019307944279e-02,8.304933475483440184e-04,2.536844345389779399e-04
5.496418732782242245e+00,9.952234725973341245e-01,-6.024496545519695406e-02,-1.349109508882677388e-02,-6.024496545519695406e-02,4.444345054134424093e-03,1.038004046722156449e-03,-1.349109508882677388e-02,1.038004046722156449e-03,3.321823485314278246e-04
5.591184573002625058e+00,9.941829622334688032e-01,-6.584180681861605267e-02,-1.667819486110345278e-02,-6.584180681861605267e-02,5.371188476505090424e-03,1.393561521778073414e-03,-1.667819486110345278e-02,1.393561521778073414e-03,4.458492900260845352e-04
5.685950413223007871e+00,9.930517615734835157e-01,-7.090887455998207134e-02,-1.746981658292223044e-02,-7.090887455998207134e-02,6.412165709853460786e-03,1.704062991231972265e-03,-1.746981658292223044e-02,1.704062991231972265e-03,5.360727166630111212e-04
5.780716253443390684e+00,9.918538117682750288e-01,-7.475729544971833340e-02,-1.324480595558638445e-02,-7.475729544971833340e-02,7.560827319021291154e-03,1.814199904996003981e-03,-1.324480595558638445e-02,1.814199904996003981e-03,5.853609127036326623e-04
5.875482093663773497e+00,9.901228442724551160e-01,-8.068307468089680468e-02,-1.011491911286777762e-02,-8.068307468089680468e-02,9.114789066801326500e-03,2.028350533584719756e-03,-1.011491911286777762e-02,2.028350533584719756e-03,7.623666607435876635e-04
5.970247933884156311e+00,9.881380802460204560e-01,-8.779346360368139868e-02,-8.723597411130639551e-03,-8.779346360368139868e-02,1.100346076255872066e-02,2.305540023990124577e-03,-8.723597411130639551e-03,2.305540023990124577e-03,8.584589914204658915e-04
6.065013774104539124e+00,9.854734785383671980e-01,-9.750987890882416298e-02,-8.529198744171182997e-03,-9.750987890882416298e-02,1.354865927355470775e-02,2.669050857349122320e-03,-8.529198744171182997e-03,2.669050857349122320e-03,9.778621880780391691e-04
6.159779614324921937e+00,9.822101215757069737e-01,-1.078026036490496442e-01,-8.571622609682793062e-03,-1.078026036490496442e-01,1.663980667938265434e-02,3.149300324540203148e-03,-8.571622609682793062e-03,3.149300324540203148e-03,1.150071744910409303e-03
6.254545454545304750e+00,9.782753277017210980e-01,-1.182839006726378456e-01,-8.952444760840939236e-03,-1.182839006726378456e-01,2.031982250566322090e-02,3.818720565798119134e-03,-8.952444760840939236e-03,3.818720565798119134e-03,1.404849792615764153e-03
6.349311294765687563e+00,9.733580418097685927e-01,-1.293125028511727115e-01,-9.742020285711588609e-03,-1.293125028511727115e-01,2.493392654319439086e-02,4.737541514630378738e-03,-9.742020285711588609e-03,4.737541514630378738e-03,1.708031647037048769e-03
6.444077134986070376e+00,9.678291793246853736e-01,-1.389170920520005625e-01,-1.046349327136608665e-02,-1.389170920520005625e-01,3.009460405272163658e-02,5.837089549302921024e-03,-1.046349327136608665e-02,5.837089549302921024e-03,2.076216622592877079e-03
6.538842975206453190e+00,9.608223551118370009e-01,-1.483857516647786035e-01,-1.132092387121712632e-02,-1.483857516647786035e-01,3.655519595944027589e-02,7.388172608029778578e-03,-1.132092387121712632e-02,7.388172608029778578e-03,2.622448928722801668e-03
6.633608815426836003e+00,9.504524629670568769e-01,-1.623803648567713753e-01,-1.219530506196597405e-02,-1.623803648567713753e-01,4.610531400170896771e-02,9.607517751236456169e-03,-1.219530506196597405e-02,9.607517751236456169e-03,3.442223031234222137e-03
6.728374655647218816e+00,9.359957565686393144e-01,-1.770969802797317250e-01,-1.298357531844740280e-02,-1.770969802797317250e-01,5.942423306417905782e-02,1.283290573543571789e-02,-1.298357531844740280e-02,1.283290573543571789e-02,4.580010367181663357e-03
6.823140495867601629e+00,9.159741738677632528e-01,-1.926979658265119133e-01,-1.405238737835295265e-02,-1.926979658265119133e-01,7.781752997839025410e-02,1.751352446718002290e-02,-1.405238737835295265e-02,1.751352446718002290e-02,6.208296153846610231e-03
6.917906336087984442e+00,8.870204843324107635e-01,-2.081586963388841194e-01,-1.557641516663418532e-02,-2.081586963388841194e-01,1.044516722690167487e-01,2.459185347800078164e-02,-1.557641516663418532e-02,2.459185347800078164e-02,8.527843398572600500e-03
7.012672176308367256e+00,8.453698601668245827e-01,-2.176550371079805646e-01,-1.506306580044061358e-02,-2.176550371079805646e-01,1.427806014251766509e-01,3.498995995925899966e-02,-1.506306580044061358e-02,3.498995995925899966e-02,1.184953840799861380e-02
7.107438016528750069e+00,7.893338622094592250e-01,-2.137556309686026168e-01,-1.112646017260970205e-02,-2.137556309686026168e-01,1.946812040227461627e-01,4.888723931068157669e-02,-1.112646017260970205e-02,4.888723931068157669e-02,1.598493376779469219e-02
7.202203856749132882e+00,7.363937088740099002e-01,-1.775348473782909220e-01,2.459446387521201007e-03,-1.775348473782909220e-01,2.441705228185120091e-01,6.127268577749435396e-02,2.459446387521201007e-03,6.127268577749435396e-02,1.943576830747800396e-02
7.296969696969515695e+00,7.186429000648535403e-01,-1.149016009206701439e-01,2.475883090935957626e-02,-1.149016009206701439e-01,2.611011000853678543e-01,6.387691726354317867e-02,2.475883090935957626e-02,6.387691726354317867e-02,2.025599984977850473e-02
7.391735537189898508e+00,7.507398204595153723e-01,-5.932766161103242286e-02,4.574418625715010595e-02,-5.932766161103242286e-02,2.317679909873407440e-01,5.312488196341763613e-02,4.574418625715010595e-02,5.312488196341763613e-02,1.749218855314384202e-02
7.486501377410281322e+00,7.987180451951378934e-01,-3.961489347178136916e-02,5.460953980158622656e-02,-3.961489347178136916e-02,1.878975284141904123e-01,3.823140711802842234e-02,5.460953980158622656e-02,3.823140711802842234e-02,1.338442639067193018e-02
7.581267217630664135e+00,8.397275650580428019e-01,-4.368309922698133951e-02,5.613372127021495905e-02,-4.368309922698133951e-02,1.502998038003866277e-01,2.546560062905246086e-02,5.613372127021495905e-02,2.546560062905246086e-02,9.972631141570586014e-03
7.676033057851046948e+00,8.663394568582768462e-01,-6.129642127514776245e-02,5.337264240211474220e-02,-6.129642127514776245e-02,1.261596638203075216e-01,1.631812120406628958e-02,5.337264240211474220e-02,1.631812120406628958e-02,7.500879321415620908e-03
7.770798898071429761e+00,8.815916183487824132e-01,-8.336739925737798873e-02,4.922225324805357127e-02,-8.336739925737798873e-02,1.126438301107789974e-01,9.787663258343083303e-03,4.922225324805357127e-02,9.787663258343083303e-03,5.764551540438681357e-03
7.865564738291812574e+00,8.867908727038315009e-01,-1.085706131850298628e-01,4.445734947616263033e-02,-1.085706131850298628e-01,1.085355377170603569e-01,5.680086138492045078e-03,4.445734947616263033e-02,5.680086138492045078e-03,4.673589579108164763e-03
7.960330578512195387e+00,8.843389204890597100e-01,-1.340513207917914951e-01,4.200126338286369609e-02,-1.340513207917914951e-01,1.115246536765348989e-01,2.612655505590263851e-03,4.200126338286369609e-02,2.612655505590263851e-03,4.136425834405578483e-03
8.055096418732578201e+00,8.742189416716155126e-01,-1.611573327567007718e-01,3.862557933984472891e-02,-1.611573327567007718e-01,1.218876009168500391e-01,1.040215226352340667e-04,3.862557933984472891e-02,1.040215226352340667e-04,3.893457411534406287e-03
8.149862258952961014e+00,8.545678586095527551e-01,-1.906042612867824559e-01,3.507127837068892834e-02,-1.906042612867824559e-01,1.416792184670785659e-01,-2.392345011016867688e-03,3.507127837068892834e-02,-2.392345011016867688e-03,3.752922923368716673e-03
8.244628099173343827e+00,8.223015471494917739e-01,-2.216186796492809474e-01,3.314882532732518761e-02,-2.216186796492809474e-01,1.739337012287828499e-01,-5.703843048695197288e-03,3.314882532732518761e-02,-5.703843048695197288e-03,3.764751621725386226e-03
8.339393939393726640e+00,7.731972876277439788e-01,-2.494792444340646620e-01,3.293705042798941024e-02,-2.494792444340646620e-01,2.227604535907435346e-01,-1.056379673432196117e-02,3.293705042798941024e-02,-1.056379673432196117e-02,4.042258781512423314e-03
8.434159779614109453e+00,7.034114546275513913e-01,-2.638685495264312397e-01,3.250307614646340271e-02,-2.638685495264312397e-01,2.920067746027275590e-01,-1.761690943488296301e-02,3.250307614646340271e-02,-1.761690943488296301e-02,4.581770769721097390e-03
8.528925619834492267e+00,6.165676583942132361e-01,-2.474949006890863057e-01,2.890964184892975269e-02,-2.474949006890863057e-01,3.780664036842034670e-01,-2.647972195883066537e-02,2.890964184892975269e-02,-2.647972195883066537e-02,5.365937921583424468e-03
8.623691460054875080e+00,5.361942393739440593e-01,-1.899981548670253151e-01,2.096792132936669412e-02,-1.899981548670253151e-01,4.580729804021598239e-01,-3.328135473848862352e-02,2.096792132936669412e-02,-3.328135473848862352e-02,5.732780223896066438e-03
8.718457300275257893e+00,4.908071989097052557e-01,-1.057315192089337830e-01,1.594323100384183178e-02,-1.057315192089337830e-01,5.035403343106724661e-01,-3.690432815458812021e-02,1.594323100384183178e-02,-3.690432815458812021e-02,5.652466779622290424e-03
8.813223140495640706e+00,4.787127503770510772e-01,-1.714352297464286079e-02,4.093174936302446804e-03,-1.714352297464286079e-02,5.153236377063362683e-01,-3.657255274562783848e-02,4.093174936302446804e-03,-3.657255274562783848e-02,5.963611916612503519e-03
8.907988980716023519e+00,4.935288401089003019e-01,6.557497476933085712e-02,-7.274296868254297860e-03,6.557497476933085712e-02,5.006516442915973641e-01,-3.047923035067200484e-02,-7.274296868254297860e-03,-3.047923035067200484e-02,5.819515599502468432e-03
9.002754820936406333e+00,5.359539615209096830e-01,1.279308563252295472e-01,-1.606143355389936384e-02,1.279308563252295472e-01,4.584966777081734834e-01,-1.815212032550791652e-02,-1.606143355389936384e-02,-1.815212032550791652e-02,5.549360770916791918e-03
9.097520661156789146e+00,5.787249019767485292e-01,1.615440895293317192e-01,-2.212940058594156309e-02,1.615440895293317192e-01,4.145352809908083858e-01,-1.851387364933416296e-03,-2.212940058594156309e-02,-1.851387364933416296e-03,6.739817032443062503e-03
9.192286501377171959e+00,6.081087788527014260e-01,1.885381398975969069e-01,-1.954646738675081333e-02,1.885381398975969069e-01,3.831321762670388820e-01,1.781789935581310283e-02,-1.954646738675081333e-02,1.781789935581310283e-02,8.759044880259600138e-03
9.287052341597554772e+00,6.349004158871484060e-01,2.267117092105756793e-01,-8.109911112309197562e-03,2.267117092105756793e-01,3.546445926285020089e-01,3.148029176285964403e-02,-8.109911112309197562e-03,3.148029176285964403e-02,1.045499148434962840e-02
9.381818181817937585e+00,6.813459806880528546e-01,2.707341670120744226e-01,6.574613571903092576e-03,2.707341670120744226e-01,3.079586025353446832e-01,3.502837766100434791e-02,6.574613571903092576e-03,3.502837766100434791e-02,1.069541677660255929e-02
9.476584022038320398e+00,7.484020305061183098e-01,2.957164245298100624e-01,1.717614512667204468e-02,2.957164245298100624e-01,2.426573057658599764e-01,2.916228100486618208e-02,1.717614512667204468e-02,2.916228100486618208e-02,8.940663728021679135e-03
9.571349862258703212e+00,8.134563749720670200e-01,2.930287997920513754e-01,2.046062645268829569e-02,2.930287997920513754e-01,1.798959062209655735e-01,2.050632925083422861e-02,2.046062645268829569e-02,2.050632925083422861e-02,6.647718806967300650e-03
9.666115702479086025e+00,8.624847297566194948e-01,2.745863268060219076e-01,2.009146317149381952e-02,2.745863268060219076e-01,1.325816259379723749e-01,1.385294974859868633e-02,2.009146317149381952e-02,1.385294974859868633e-02,4.933644305408024441e-03
9.760881542699468838e+00,8.958244174530272108e-01,2.524821141454093310e-01,1.781394866925872442e-02,2.524821141454093310e-01,1.003830288440990259e-01,9.154207111282348930e-03,1.781394866925872442e-02,9.154207111282348930e-03,3.792553702873782337e-03
9.855647382919851651e+00,9.184948868716925618e-01,2.314506626021894942e-01,1.463526012061575413e-02,2.314506626021894942e-01,7.854725458008321448e-02,5.789248292222456613e-03,1.463526012061575413e-02,5.789248292222456613e-03,2.957858548224296530e-03
9.950413223140234464e+00,9.348491372171338076e-01,2.123474966112926798e-01,1.155509343044903298e-02,2.123474966112926798e-01,6.282125968328869381e-02,3.568606827845996823e-03,1.155509343044903298e-02,3.568606827845996823e-03,2.329603099577425701e-03
1.004517906336061728e+01,9.466455889943592439e-01,1.959914669456535585e-01,8.483121999455504186e-03,1.959914669456535585e-01,5.138018621560237059e-02,2.010710802555879147e-03,8.483121999455504186e-03,2.010710802555879147e-03,1.974224790038586752e-03
1.013994490358100009e+01,9.562391587150478323e-01,1.798037658810553441e-01,6.145506548602802308e-03,1.798037658810553441e-01,4.206797187504363045e-02,9.913584946784253019e-04,6.145506548602802308e-03,9.913584946784253019e-04,1.692869409908528185e-03
1.023471074380138290e+01,9.639824916431264379e-01,1.643119617855170744e-01,2.864265489746362775e-03,1.643119617855170744e-01,3.452400869621904261e-02,-6.290074447946446962e-05,2.864265489746362775e-03,-6.290074447946446962e-05,1.493499660654495215e-03
1.032947658402176572e+01,9.702433213201103746e-01,1.497890524854792738e-01,-4.858055595304434232e-05,1.497890524854792738e-01,2.825627852039288429e-02,-8.970645610518490111e-04,-4.858055595304434232e-05,-8.970645610518490111e-04,1.500400159496658109e-03
1.042424242424214853e+01,9.747835780734608324e-01,1.378923418022134639e-01,-1.730443052372188963e-03,1.378923418022134639e-01,2.379825033373404036e-02,-1.290128812610044119e-03,-1.730443052372188963e-03,-1.290128812610044119e-03,1.418171592805064123e-03
1.051900826446253134e+01,9.789735326304771501e-01,1.257560196171996769e-01,-2.972674394770455711e-03,1.257560196171996769e-01,1.960610382573861610e-02,-1.557351298791099289e-03,-2.972674394770455711e-03,-1.557351298791099289e-03,1.420363543783994837e-03
1.061377410468291416e+01,9.825037121564288434e-01,1.136936759657210805e-01,-4.788778186593074804e-03,1.136936759657210805e-01,1.607738778408545829e-02,-1.708082603123134424e-03,-4.788778186593074804e-03,-1.708082603123134424e-03,1.418900059485834293e-03
1.070853994490329697e+01,9.854196825589992548e-01,1.034387069076231069e-01,-4.677246871522576684e-03,1.034387069076231069e-01,1.334322040145315483e-02,-1.568824464356115105e-03,-4.677246871522576684e-03,-1.568824464356115105e-03,1.237097039547555705e-03
1.080330578512367978e+01,9.877410317236630100e-01,9.446483123014415284e-02,-3.361009924628867267e-03,9.446483123014415284e-02,1.125081082483318437e-02,-1.234289948562538805e-03,-3.361009924628867267e-03,-1.234289948562538805e-03,1.008157451503844705e-03
1.089807162534406260e+01,9.903195077239075328e-01,8.312217586055639651e-02,-2.181944963990987627e-03,8.312217586055639651e-02,8.809253383624929962e-03,-1.030704528529649425e-03,-2.181944963990987627e-03,-1.030704528529649425e-03,8.712388924674563644e-04
1.099283746556444541e+01,9.918947112899240137e-01,7.433389654371885813e-02,-2.228770827086876561e-03,7.433389654371885813e-02,7.228562991156354048e-03,-9.942233403665940925e-04,-2.228770827086876561e-03,-9.942233403665940925e-04,8.767257189195511342e-04
1.108760330578482822e+01,9.932291344486292584e-01,6.636669415697807328e-02,-2.138194218332914193e-03,6.636669415697807328e-02,5.857208799102221058e-03,-9.991249930657026927e-04,-2.138194218332914193e-03,-9.991249930657026927e-04,9.136567522685798892e-04
1.118236914600521104e+01,9.941473673014836754e-01,6.039473579902460143e-02,-1.817292053065485032e-03,6.039473579902460143e-02,4.924881398307035668e-03,-9.461695601464166234e-04,-1.817292053065485032e-03,-9.461695601464166234e-04,9.277513002092281245e-04
1.127713498622559385e+01,9.948228641330604249e-01,5.558492588347694469e-02,-1.056104001256946787e-03,5.558492588347694469e-02,4.193843520236910892e-03,-8.813648408809130093e-04,-1.056104001256946787e-03,-8.813648408809130093e-04,9.832923467027376765e-04
1.137190082644597666e+01,9.952590705661277237e-01,5.142190794467337012e-02,5.418069695483644817e-04,5.142190794467337012e-02,3.667344250198971249e-03,-7.947908683790825884e-04,5.418069695483644817e-04,-7.947908683790825884e-04,1.073585183673304378e-03
1.146666666666635948e+01,9.957155580123111527e-01,4.619987228687431891e-02,1.246907898519210214e-03,4.619987228687431891e-02,3.127845573865656575e-03,-7.861165444776909133e-04,1.246907898519210214e-03,-7.861165444776909133e-04,1.156596413823289624e-03
1.156143250688674229e+01,9.962956715158818310e-01,4.052371507147917856e-02,1.397967745021510156e-03,4.052371507147917856e-02,2.550838092515512329e-03,-7.443771003801775369e-04,1.397967745021510156e-03,-7.443771003801775369e-04,1.153490391602782824e-03
1.165619834710712510e+01,9.968215595406431095e-01,3.479303656029660019e-02,2.053576291627424999e-03,3.479303656029660019e-02,1.996907676807533651e-03,-6.606876061526521316e-04,2.053576291627424999e-03,-6.606876061526521316e-04,1.181532782549203501e-03
1.175096418732750791e+01,9.971141802924170516e-01,2.950610396072832209e-02,2.924107236575305361e-03,2.950610396072832209e-02,1.611935657622801154e-03,-6.305855872753485985e-04,2.924107236575305361e-03,-6.305855872753485985e-04,1.273884049960329794e-03
1.184573002754789073e+01,9.972994791753017063e-01,2.416265458947491201e-02,3.411896132846698685e-03,2.416265458947491201e-02,1.325840230401973113e-03,-6.478202229671540862e-04,3.411896132846698685e-03,-6.478202229671540862e-04,1.374680594296333368e-03
1.194049586776827354e+01,9.974439748379720916e-01,1.891243680802950911e-02,4.923039151569700081e-03,1.891243680802950911e-02,1.072571014452812239e-03,-6.484048027250500536e-04,4.923039151569700081e-03,-6.484048027250500536e-04,1.483454147575016596e-03
1.203526170798865635e+01,9.975460403417573119e-01,1.400416712283271067e-02,7.087902363134213762e-03,1.400416712283271067e-02,8.491028541146391660e-04,-6.328897174938825356e-04,7.087902363134213762e-03,-6.328897174938825356e-04,1.604856804127999205e-03
1.213002754820903917e+01,9.976512157172895412e-01,9.519314354417987220e-03,8.539988346512259951e-03,9.519314354417987220e-03,6.479564542402127059e-04,-6.010077809065952209e-04,8.539988346512259951e-03,-6.010077809065952209e-04,1.700827828470255747e-03
1.222479338842942198e+01,9.977786429049133599e-01,6.097369841454914480e-03,8.625092957516710887e-03,6.097369841454914480e-03,4.783431485885605069e-04,-5.418651508282391026e-04,8.625092957516710887e-03,-5.418651508282391026e-04,1.743013946498049929e-03
1.231955922864980479e+01,9.978473924201909373e-01,3.600757092522075074e-03,8.335909266498259945e-03,3.600757092522075074e-03,3.730666516557421940e-04,-5.291937399489919040e-04,8.335909266498259945e-03,-5.291937399489919040e-04,1.779540928153408325e-03
1.241432506887018761e+01,9.978664854206602541e-01,4.295957160993704033e-04,7.738759688101573553e-03,4.295957160993704033e-04,3.446061650330446442e-04,-5.877667618872120482e-04,7.738759688101573553e-03,-5.877667618872120482e-04,1.788908414306713147e-03
1.250909090909057042e+01,9.979521062041902812e-01,-2.890438481802886598e-03,7.882995354469398558e-03,-2.890438481802886598e-03,3.137744092616841750e-04,-5.983788676293008658e-04,7.882995354469398558e-03,-5.983788676293008658e-04,1.734119386548033060e-03
1.260385674931095323e+01,9.980545971548830941e-01,-5.730235165754729576e-03,8.609492253793055855e-03,-5.730235165754729576e-03,2.937405707553304929e-04,-5.804111481435466615e-04,8.609492253793055855e-03,-5.804111481435466615e-04,1.651662274361590443e-03
1.269862258953133605e+01,9.981070455243921113e-01,-9.389726803309964703e-03,8.250755328123152155e-03,-9.389726803309964703e-03,3.388604308874025996e-04,-5.909915991976068088e-04,8.250755328123152155e-03,-5.909915991976068088e-04,1.554094044720499227e-03
1.279338842975171886e+01,9.981011301788327295e-01,-1.293254326733610238e-02,6.822753243689733300e-03,-1.293254326733610238e-02,4.353388059677525644e-04,-6.023695802420390467e-04,6.822753243689733300e-03,-6.023695802420390467e-04,1.463531015199544217e-03
1.288815426997210167e+01,9.979753793109492621e-01,-1.641532758643884579e-02,5.219087479345470293e-03,-1.641532758643884579e-02,5.707362934161179730e-04,-6.114396846352979694e-04,5.219087479345470293e-03,-6.114396846352979694e-04,1.453884395634737984e-03
1.298292011019248449e+01,9.978176814024607433e-01,-2.005702600118851667e-02,3.990833456483764904e-03,-2.005702600118851667e-02,7.136438150355485163e-04,-6.007195557470862554e-04,3.990833456483764904e-03,-6.007195557470862554e-04,1.468674782503680233e-03
1.307768595041286730e+01,9.976506695464826269e-01,-2.388337296808571916e-02,4.033694483855700293e-03,-2.388337296808571916e-02,8.951882969992422520e-04,-6.201890821246905600e-04,4.033694483855700293e-03,-6.201890821246905600e-04,1.454142156518109302e-03
1.317245179063325011e+01,9.973933904533174299e-01,-2.837515478467851973e-02,5.121391867056714065e-03,-2.837515478467851973e-02,1.166822090389686489e-03,-6.945170482814269977e-04,5.121391867056714065e-03,-6.945170482814269977e-04,1.439787456292991553e-03
1.326721763085363293e+01,9.969933422846932736e-01,-3.375818025821224894e-02,5.924687551739260712e-03,-3.375818025821224894e-02,1.526856823627271683e-03,-7.809129751186587049e-04,5.924687551739260712e-03,-7.809129751186587049e-04,1.479800891679639930e-03
1.336198347107401574e+01,9.964241250718551823e-01,-3.979350076890147275e-02,6.854406237818401644e-03,-3.979350076890147275e-02,2.011256156101077705e-03,-8.976431855562393711e-04,6.854406237818401644e-03,-8.976431855562393711e-04,1.564618772043886762e-03
1.345674931129439855e+01,9.957608661124958127e-01,-4.553115033574729742e-02,7.443858513678018769e-03,-4.553115033574729742e-02,2.567361828082816069e-03,-1.037956646086873489e-03,7.443858513678018769e-03,-1.037956646086873489e-03,1.671772059421359731e-03
1.355151515151478137e+01,9.950582517314753295e-01,-5.040350590552964555e-02,7.691794318258371975e-03,-5.040350590552964555e-02,3.100540877178893043e-03,-1.185476262049157741e-03,7.691794318258371975e-03,-1.185476262049157741e-03,1.841207391345821287e-03
1.364628099173516418e+01,9.943732194204255581e-01,-5.471254910670397126e-02,8.135408742333670451e-03,-5.471254910670397126e-02,3.625421173642928794e-03,-1.336145612811522618e-03,8.135408742333670451e-03,-1.336145612811522618e-03,2.001359405931472327e-03
1.374104683195554699e+01,9.936509595550400142e-01,-5.908145301168542946e-02,8.648548845129899049e-03,-5.908145301168542946e-02,4.191099474455623440e-03,-1.474473212355988279e-03,8.648548845129899049e-03,-1.474473212355988279e-03,2.157940970504296403e-03
1.383581267217592981e+01,9.928917949559918910e-01,-6.385463722983798773e-02,9.210147955451197452e-03,-6.385463722983798773e-02,4.806785465573682956e-03,-1.579932534038011333e-03,9.210147955451197452e-03,-1.579932534038011333e-03,2.301419578434472490e-03
1.393057851239631262e+01,9.919758023245428546e-01,-6.949877049056972511e-02,9.452258764900783178e-03,-6.949877049056972511e-02,5.604139360698954381e-03,-1.710343307795017141e-03,9.452258764900783178e-03,-1.710343307795017141e-03,2.420058314758202246e-03
1.402534435261669543e+01,9.905304123281126749e-01,-7.617974476326584699e-02,1.077412979489995870e-02,-7.617974476326584699e-02,6.726117310623787315e-03,-2.078433112276073177e-03,1.077412979489995870e-02,-2.078433112276073177e-03,2.743470361263560323e-03
1.412011019283707824e+01,9.887797284170144474e-01,-8.195100305746004510e-02,1.303998474780954792e-02,-8.195100305746004510e-02,7.926618447946769813e-03,-2.642863144788294271e-03,1.303998474780954792e-02,-2.642863144788294271e-03,3.293653135038863890e-03
1.421487603305746106e+01,9.868623288919956549e-01,-8.706778960195152295e-02,1.522809527596741264e-02,-8.706778960195152295e-02,9.197523552752375972e-03,-3.286494396513781058e-03,1.522809527596741264e-02,-3.286494396513781058e-03,3.940147555252013385e-03
1.430964187327784387e+01,9.844792287266961317e-01,-9.431060431578561221e-02,1.671719829486707776e-02,-9.431060431578561221e-02,1.098497008351464847e-02,-3.935463951562594501e-03,1.671719829486707776e-02,-3.935463951562594501e-03,4.535801189789088854e-03
1.440440771349822668e+01,9.820160820612128250e-01,-1.007954843267455103e-01,1.809226626107851565e-02,-1.007954843267455103e-01,1.290324531624777692e-02,-4.617766528431257664e-03,1.809226626107851565e-02,-4.617766528431257664e-03,5.080672622539460573e-03
1.449917355371860950e+01,9.787763924246144498e-01,-1.097603772806967359e-01,2.002052531733402099e-02,-1.097603772806967359e-01,1.554835456061536003e-02,-5.550612924009514643e-03,2.002052531733402099e-02,-5.550612924009514643e-03,5.675253014770262165e-03
1.459393939393899231e+01,9.750016693324483619e-01,-1.187344967115223221e-01,2.307959004160041461e-02,-1.187344967115223221e-01,1.865232619984801346e-02,-6.782285902902485293e-03,2.307959004160041461e-02,-6.782285902902485293e-03,6.346004467703694057e-03
1.468870523415937512e+01,9.699299160757934857e-01,-1.297856500577817540e-01,2.614972055118926914e-02,-1.297856500577817540e-01,2.277598015021645855e-02,-8.369481918481195409e-03,2.614972055118926914e-02,-8.369481918481195409e-03,7.294103773990131233e-03
1.478347107437975794e+01,9.636546934468370740e-01,-1.413729362749948371e-01,2.903263019627285238e-02,-1.413729362749948371e-01,2.779810887717133402e-02,-1.043160385266386596e-02,2.903263019627285238e-02,-1.043160385266386596e-02,8.547197675991607610e-03
1.487823691460014075e+01,9.560959125744684650e-01,-1.535317800079497585e-01,3.287764138465169850e-02,-1.535317800079497585e-01,3.373327973678545699e-02,-1.312266695233650637e-02,3.287764138465169850e-02,-1.312266695233650637e-02,1.017080768874609360e-02
1.497300275482052356e+01,9.458566102176898527e-01,-1.674653390873045433e-01,3.752115263991035593e-02,-1.674653390873045433e-01,4.176649420986882494e-02,-1.681646630929650721e-02,3.752115263991035593e-02,-1.681646630929650721e-02,1.237689557244140044e-02
1.506776859504090638e+01,9.314037199219118435e-01,-1.835988481219736068e-01,4.215559071698232046e-02,-1.835988481219736068e-01,5.328817641905136265e-02,-2.199514977716560474e-02,4.215559071698232046e-02,-2.199514977716560474e-02,1.530810365903669847e-02
1.516253443526128919e+01,9.110328321368392768e-01,-2.012750889806207977e-01,4.684056630397604587e-02,-2.012750889806207977e-01,6.950083287695481282e-02,-2.928491484955683677e-02,4.684056630397604587e-02,-2.928491484955683677e-02,1.946633498620579938e-02
1.525730027548167200e+01,8.831279152105526720e-01,-2.191416873313479785e-01,5.051759969579253801e-02,-2.191416873313479785e-01,9.187559240542239603e-02,-3.920820266548415145e-02,5.051759969579253801e-02,-3.920820266548415145e-02,2.499649238402499099e-02
1.535206611570205482e+01,8.445829487826728155e-01,-2.338894969941747726e-01,5.165349520231212604e-02,-2.338894969941747726e-01,1.227164882785817812e-01,-5.311648597168339148e-02,5.165349520231212604e-02,-5.311648597168339148e-02,3.270056293874538944e-02
1.544683195592243763e+01,7.943193309192906337e-01,-2.382257759503570993e-01,4.677189722174449060e-02,-2.382257759503570993e-01,1.622480133240273015e-01,-7.169561869694023037e-02,4.677189722174449060e-02,-7.169561869694023037e-02,4.343265575668211337e-02
1.554159779614282044e+01,7.388734677351586067e-01,-2.214675963771442491e-01,2.920985393475609287e-02,-2.214675963771442491e-01,2.057907462776395191e-01,-9.164889327184443102e-02,2.920985393475609287e-02,-9.164889327184443102e-02,5.533578598720190894e-02
1.563636363636320326e+01,7.028166581860824103e-01,-1.789291259292551395e-01,-3.996765350663563504e-03,-1.789291259292551395e-01,2.340431164790983676e-01,-1.026602044992758894e-01,-3.996765350663563504e-03,-1.026602044992758894e-01,6.314022533481936095e-02
1.573112947658358607e+01,7.077026291712833483e-01,-1.308150829881337407e-01,-4.193920377220885370e-02,-1.308150829881337407e-01,2.307747076927446350e-01,-9.567158564361709361e-02,-4.193920377220885370e-02,-9.567158564361709361e-02,6.152266313597201663e-02
1.582589531680396888e+01,7.410871013775623961e-01,-1.044330400009050586e-01,-6.941749219708448493e-02,-1.044330400009050586e-01,2.057008664066643233e-01,-7.561485627847802649e-02,-6.941749219708448493e-02,-7.561485627847802649e-02,5.321203221577325976e-02
1.592066115702435170e+01,7.767507877365869007e-01,-1.028128545819874951e-01,-8.366020851518829460e-02,-1.028128545819874951e-01,1.787286485467607378e-01,-5.349901781524881578e-02,-8.366020851518829460e-02,-5.349901781524881578e-02,4.452056371665239626e-02
1.601542699724473451e+01,8.003194195772181940e-01,-1.173375494403591929e-01,-8.925961243714815307e-02,-1.173375494403591929e-01,1.612751147572553112e-01,-3.488828838163161861e-02,-8.925961243714815307e-02,-3.488828838163161861e-02,3.840546566552655028e-02
1.611019283746511732e+01,8.101010594341560012e-01,-1.406371197294870867e-01,-9.135387451222998223e-02,-1.406371197294870867e-01,1.545479639928921123e-01,-1.995025008541114267e-02,-9.135387451222998223e-02,-1.995025008541114267e-02,3.535097657295181023e-02
1.620495867768550013e+01,8.053120137876950135e-01,-1.693973665335871126e-01,-9.209451608714841475e-02,-1.693973665335871126e-01,1.592126828773871294e-01,-7.830774196114937205e-03,-9.209451608714841475e-02,-7.830774196114937205e-03,3.547530333491785010e-02
1.629972451790588295e+01,7.854742500027355190e-01,-2.004068615113167307e-01,-9.277124862565110097e-02,-2.004068615113167307e-01,1.758109229897325820e-01,2.647824841190360434e-03,-9.277124862565110097e-02,2.647824841190360434e-03,3.871482700753165612e-02
1.639449035812626576e+01,7.498680406189865977e-01,-2.298324132631860417e-01,-9.260308269720804453e-02,-2.298324132631860417e-01,2.046938643004430625e-01,1.293581136048775615e-02,-9.260308269720804453e-02,1.293581136048775615e-02,4.543809508057049251e-02
1.648925619834664857e+01,6.911462510649061253e-01,-2.540575620916885047e-01,-9.189001344474906352e-02,-2.540575620916885047e-01,2.514715300690422706e-01,2.461727134852374765e-02,-9.189001344474906352e-02,2.461727134852374765e-02,5.738221886605163191e-02
1.658402203856703139e+01,6.044735416553238538e-01,-2.634119410800743188e-01,-8.826692173187672408e-02,-2.634119410800743188e-01,3.214976146539753055e-01,3.768118563973606172e-02,-8.826692173187672408e-02,3.768118563973606172e-02,7.402884369070086845e-02
1.667878787878741420e+01,4.957639867288565760e-01,-2.404237976955879985e-01,-7.858474704278807510e-02,-2.404237976955879985e-01,4.116080282270836443e-01,5.144090065150986463e-02,-7.858474704278807510e-02,5.144090065150986463e-02,9.262798504405959921e-02
1.677355371900779701e+01,3.921140988896215651e-01,-1.656653841436335206e-01,-6.350525250663299759e-02,-1.656653841436335206e-01,5.009028959544781223e-01,6.464352283688754031e-02,-6.350525250663299759e-02,6.464352283688754031e-02,1.069830051559003403e-01
1.686831955922817983e+01,3.335168326010348183e-01,-4.797751383147601245e-02,-4.994505543730781011e-02,-4.797751383147601245e-02,5.616757670689522808e-01,8.148317315347160250e-02,-4.994505543730781011e-02,8.148317315347160250e-02,1.048074003300129425e-01
1.696308539944856264e+01,3.404376232224383680e-01,8.030056737476357065e-02,-3.083887729506498698e-02,8.030056737476357065e-02,5.681026029332978400e-01,9.531824369440738964e-02,-3.083887729506498698e-02,9.531824369440738964e-02,9.145977384426387524e-02
1.705785123966894545e+01,3.870592754214520759e-01,1.927585717522242448e-01,-2.552580709470231302e-03,1.927585717522242448e-01,5.352871507916138194e-01,1.051713829089210850e-01,-2.552580709470231302e-03,1.051713829089210850e-01,7.765357378693414636e-02
1.715261707988932827e+01,4.663798558393359439e-01,2.863829669874826678e-01,2.850320510454822445e-02,2.863829669874826678e-01,4.695407329606704483e-01,1.041042687082310708e-01,2.850320510454822445e-02,1.041042687082310708e-01,6.407941119999360780e-02
1.724738292010971108e+01,5.742873990199144352e-01,3.449296119599435384e-01,5.061851952123221782e-02,3.449296119599435384e-01,3.759763436156385308e-01,8.770219699429118720e-02,5.061851952123221782e-02,8.770219699429118720e-02,4.973625736444688139e-02
1.734214876033009389e+01,6.834289516713476509e-01,3.585473552916834117e-01,5.758312790416128535e-02,3.585473552916834117e-01,2.801240164523227660e-01,6.468498639498965197e-02,5.758312790416128535e-02,6.468498639498965197e-02,3.644703187632960389e-02
1.743691460055047671e+01,7.686251723662023139e-01,3.417240098327347653e-01,5.440037765968441102e-02,3.417240098327347653e-01,2.047824208917657651e-01,4.477489874904666545e-02,5.440037765968441102e-02,4.477489874904666545e-02,2.659240674203178223e-02
1.753168044077085952e+01,8.278728872820200202e-01,3.151212425518588045e-01,4.752563909219076344e-02,3.151212425518588045e-01,1.524645886284086427e-01,3.152738559587812267e-02,4.752563909219076344e-02,3.152738559587812267e-02,1.966252408957126774e-02
1.762644628099124233e+01,8.690666545534677656e-01,2.867327173616174285e-01,4.000191606787836807e-02,2.867327173616174285e-01,1.160249457170633436e-01,2.278013096761745751e-02,4.000191606787836807e-02,2.278013096761745751e-02,1.490839972946876070e-02
1.772121212121162515e+01,8.982140442507393630e-01,2.597390795955565324e-01,3.360959103038091422e-02,2.597390795955565324e-01,9.016079391380667218e-02,1.696477543755551751e-02,3.360959103038091422e-02,1.696477543755551751e-02,1.162516183545405681e-02
1.781597796143200796e+01,9.189466637350705014e-01,2.356019006951964867e-01,2.849989048014395579e-02,2.356019006951964867e-01,7.156400446419866612e-02,1.298076851208166543e-02,2.849989048014395579e-02,1.298076851208166543e-02,9.489331800730790856e-03
1.791074380165239077e+01,9.342598663787777813e-01,2.141026023189283034e-01,2.403232156918693949e-02,2.141026023189283034e-01,5.774734408629388083e-02,1.001234327172959536e-02,2.403232156918693949e-02,1.001234327172959536e-02,7.992789534928206041e-03
1.800550964187277359e+01,9.460915065232926580e-01,1.946299650303810191e-01,1.956566976964715932e-02,1.946299650303810191e-01,4.707629695138901282e-02,7.660244145220904827e-03,1.956566976964715932e-02,7.660244145220904827e-03,6.832196525318328349e-03
1.810027548209315640e+01,9.553538832650666501e-01,1.770007696176278678e-01,1.532386613037416828e-02,1.770007696176278678e-01,3.871448680175858248e-02,5.886494406173775965e-03,1.532386613037416828e-02,5.886494406173775965e-03,5.931629933174758715e-03
1.819504132231353921e+01,9.621601628202930412e-01,1.624875981831593319e-01,1.122150094476350758e-02,1.624875981831593319e-01,3.261010518454735690e-02,4.541723315099091031e-03,1.122150094476350758e-02,4.541723315099091031e-03,5.229731995159525582e-03
1.828980716253392202e+01,9.685991691476836252e-01,1.475647238381314341e-01,8.268712275166574532e-03,1.475647238381314341e-01,2.671252008432421776e-02,3.716543523617932537e-03,8.268712275166574532e-03,3.716543523617932537e-03,4.688310767992191763e-03
1.838457300275430484e+01,9.735370324164684952e-01,1.347562267094077892e-01,5.968737134801397476e-03,1.347562267094077892e-01,2.213111428481641385e-02,3.172343183894487956e-03,5.968737134801397476e-03,3.172343183894487956e-03,4.331853298715136052e-03
1.847933884297468765e+01,9.773709519091337006e-01,1.240318927717882908e-01,4.141796527472060493e-03,1.240318927717882908e-01,1.858212404192039965e-02,2.703340165725767567e-03,4.141796527472060493e-03,2.703340165725767567e-03,4.046924048945904108e-03
1.857410468319507046e+01,9.805564414034330101e-01,1.140877965998024213e-01,3.654934011835329899e-03,1.140877965998024213e-01,1.564887592505241273e-02,2.441747139861929518e-03,3.654934011835329899e-03,2.441747139861929518e-03,3.794682671514541198e-03
1.866887052341545328e+01,9.832746338418555387e-01,1.046925239057019397e-01,3.749040958374057556e-03,1.046925239057019397e-01,1.321501087325203244e-02,2.258342772824348775e-03,3.749040958374057556e-03,2.258342772824348775e-03,3.510355284892455706e-03
1.876363636363583609e+01,9.858696682252892085e-01,9.487266256671039732e-02,4.152187074828190411e-03,9.487266256671039732e-02,1.081425328913238927e-02,2.022151921539417068e-03,4.152187074828190411e-03,2.022151921539417068e-03,3.316078485578397017e-03
1.885840220385621890e+01,9.875705969135046836e-01,8.824037525646938329e-02,4.408391849448098018e-03,8.824037525646938329e-02,9.311949916214989215e-03,1.831608171366789009e-03,4.408391849448098018e-03,1.831608171366789009e-03,3.117453170280269983e-03
1.895316804407660172e+01,9.890328700425451425e-01,8.231557755915032415e-02,4.436176076095492762e-03,8.231557755915032415e-02,8.086568813588936380e-03,1.601339890757597691e-03,4.436176076095492762e-03,1.601339890757597691e-03,2.880561143866044744e-03
1.904793388429698453e+01,9.905836820827335076e-01,7.522498545139734427e-02,4.866926737290350885e-03,7.522498545139734427e-02,6.753890849975243207e-03,1.416763811282888662e-03,4.866926737290350885e-03,1.416763811282888662e-03,2.662427067291281250e-03
1.914269972451736734e+01,9.917191149423153496e-01,6.978861170590161533e-02,4.093642341929725620e-03,6.978861170590161533e-02,5.831874505347340275e-03,1.231842052777985894e-03,4.093642341929725620e-03,1.231842052777985894e-03,2.449010552337400372e-03
1.923035503106479283e+01,9.930047901103730146e-01,6.261208977875976078e-02,3.867899926855558612e-03,6.261208977875976078e-02,4.691765853733513222e-03,1.101906406002068272e-03,3.867899926855558612e-03,1.101906406002068272e-03,2.303444035893575416e-03
